['Aab', 'Aabheer', 'Aadam', 'Aad', 'Aadarsh', 'Aadesh', 'Aadh', 'Aadhir', 'Aadi', 'Aadidev', 'Aadil', 'Aadinath', 'Aadir', 'Aadit', 'Aaditey', 'Aadity', 'Aadri', 'Aagam', 'Aagney', 'Aagney', 'Aah', 'Aahlaad', 'Aahv', 'Aaid', 'Aaide', 'Aaidy', 'Aakaar', 'Aakaash', 'Aakar', 'Aakarsh', 'Aal', 'Aalok', 'Aamil', 'Aamir', 'Aamod', 'Aanand', 'Aanandswaru', 'Aandaleeb', 'Aanjaney', 'Aapt', 'Aaraadhak', 'Aarav', 'Aarhant', 'Aaric', 'Aarif', 'Aarit', 'Aariz', 'Aarnav', 'Aaro', 'Aaro', 'Aarpit', 'Aarro', 'Aarsh', 'Aarth', 'Aarush', 'Aary', 'Aashank', 'Aashay', 'Aashish', 'Aashm', 'Aashutosh', 'Aasim', 'Aastik', 'Aatish', 'Aatmaj', 'Aatrey', 'Aay', 'Aayd', 'Aayu', 'Aayushm', 'Ab', 'Ab', 'Abasalom', 'Abb', 'Abb', 'Abbott', 'Abbud', 'Abbudi', 'Abdall', 'Abdallah', 'Abdalrahm', 'Abdel', 'Abdellah', 'Abdiel', 'Abdul', 'Abdul-Alim', 'Abdul-Aliyy', 'Abdul-Azeez', 'Abdul-Azim', 'Abdul-Aziz', 'Abdul-Baari', 'Abdul-Bari', 'Abdul-Basit', 'Abdul-Fattah', 'Abdul-Ghaffar', 'Abdul-Ghafoor', 'Abdul-Haafiz', 'Abdul-Hadi', 'Abdul-Hafiz', 'Abdul-Hakam', 'Abdul-Hakim', 'Abdul-Halim', 'Abdul-Hameed', 'Abdul-Hamid', 'Abdul-Haqq', 'Abdul-Haseeb', 'Abdul-Hasib', 'Abdul-Jabaar', 'Abdul-Jabbar', 'Abdul-Jaleel', 'Abdul-Jalil', 'Abdul-Karim', 'Abdul-Khaaliq', 'Abdul-Khaliq', 'Abdul-Latif', 'Abdul-Majid', 'Abdul-Malik', 'Abdul-Mati', "Abdul-Mu'izz", 'Abdul-Muhaimi', 'Abdul-Mujib', "Abdul-Muta'al", 'Abdul-Nasir', 'Abdul-Nasser', 'Abdul-Qaadir', 'Abdul-Qadir', 'Abdul-Qahaar', 'Abdul-Qahhar', 'Abdul-Quddu', 'Abdul-Qudoo', "Abdul-Ra'uf", 'Abdul-Rafi', 'Abdul-Raheem', 'Abdul-Rahim', 'Abdul-Rahm', 'Abdul-Raouf', 'Abdul-Rasheed', 'Abdul-Rashid', 'Abdul-Razaaq', 'Abdul-Razzaq', 'Abdul-Sabur', 'Abdul-Salaam', 'Abdul-Salam', 'Abdul-Samad', 'Abdul-Sami', 'Abdul-Shakur', 'Abdul-Tawwab', 'Abdul-Waahid', 'Abdul-Wadood', 'Abdul-Wadud', 'Abdul-Wahhab', 'Abdul-Wahid', 'Abdulkareem', 'Abdull', 'Abdull', 'Abdullah', 'Abdulrahm', 'Abe', 'Abed', 'Abedi', 'Abel', 'Abe', 'Abhay', 'Abhayanand', 'Abhayaprad', 'Abheek', 'Abhi', 'Abhibhav', 'Abhicandr', 'Abhidi', 'Abhihit', 'Abhijaat', 'Abhijat', 'Abhijay', 'Abhijay', 'Abhijeet', 'Abhijit', 'Abhiju', 'Abhijval', 'Abhik', 'Abhilash', 'Abhimand', 'Abhimani', 'Abhimanyu', 'Abhimanyusut', 'Abhimod', 'Abhi', 'Abhinabh', 'Abhinand', 'Abhinand', 'Abhinand', 'Abhinath', 'Abhinav', 'Abhinav', 'Abhinav', 'Abhinay', 'Abhineet', 'Abhinit', 'Abhinivesh', 'Abhir', 'Abhiraam', 'Abhiraj', 'Abhirath', 'Abhiruc', 'Abhiru', 'Abhisar', 'Abhishek', 'Abhisok', 'Abhisumat', 'Abhisyant', 'Abhivaad', 'Abhivach', 'Abhivanth', 'Abhivir', 'Abhr', 'Abhrakasi', 'Abhyagni', 'Abhyuday', 'Abhyudit', 'Abid', 'Abid', 'Abie', 'Abij', 'Abijah', 'Abimanyu', 'Abi', 'Abishek', 'Abivanth', 'Abjayoni', 'Abjit', 'Abner', 'Abraam', 'Abraham', 'Abrahem', 'Abram', 'Abrash', 'Absolom', 'Abu al Khayr', 'Abu Bakr', 'Abul Khayr', 'Acacio', 'Achal', 'Achalendr', 'Achalraj', 'Achinty', 'Achyut', 'Achyut', 'Achyuth', 'Ackerley', 'Ackley', 'Adam', 'Adamm', 'Adarsh', 'Adav', 'Addai', 'Addam', 'Add', 'Adde', 'Addiel', 'Addo', 'Addoni', 'Adee', 'Adee', 'Adel', 'Ade', 'Ade', 'Adesh', 'Adham', 'Adheer', 'Adheesh', 'Adhik', 'Adhi', 'Adhiraj', 'Adhit', 'Adib', 'Adil', 'Adinath', 'Adipurush', 'Adit', 'Aditey', 'Adithy', 'Adity', 'Adityanand', 'Adityavardh', 'Adlai', 'Adley', 'Adli', 'Admo', 'Ad', 'Adney', 'Ado', 'Adonai', 'Adonni', 'Adri', 'Adrianno', 'Adriano', 'Adriell', 'Adripathi', 'Advait', 'Advait', 'Advay', 'Advay', 'Advik', 'Adwait', 'Adwaith', 'Adway', 'Adway', 'Afeef', 'Afif', 'Afzal', 'Agasthy', 'Agasti', 'Agasty', 'Agendr', 'Aghar', 'Aghat', 'Aghosh', 'Agney', 'Agnimitr', 'Agniprav', 'Agnivesh', 'Agraj', 'Agrim', 'Agyey', 'Ah', 'Ahijah', 'Ahijit', 'Ahil', 'Ahmaad', 'Ahmad', 'Ahmed', 'Ahmik', 'Aid', 'Aidd', 'Aidde', 'Aide', 'Aiide', 'Ainesh', 'Airaawat', 'Ait', 'Aj', 'Ajaat', 'Ajaatshatru', 'Ajamil', 'Ajant', 'Ajatashatru', 'Ajay', 'Ajeet', 'Ajit', 'Ajitaabh', 'Ajitabh', 'Ajitesh', 'Ajoy', 'Akaash', 'Akalmash', 'Akal', 'Akand', 'Akansh', 'Akarsh', 'Akash', 'Akbar', 'Akeem', 'Akhil', 'Akhilesh', 'Akil', 'Akilesh', 'Akram', 'Akroor', 'Akshaj', 'Aksh', 'Akshansh', 'Akshar', 'Akshat', 'Akshay', 'Akshayagu', 'Akshaykeerti', 'Akshit', 'Akshobhy', 'Akul', 'Al Abb', 'Al', "Ala' al di", 'Al', 'Alaa Udee', 'Al', 'Aladdi', 'Alak', 'Alankar', 'Al', 'Alde', 'Aldred', 'Aldrich', 'Aldwi', 'Aleksandar', 'Alessandro', 'Alex', 'Alexander', 'Alexandro', 'Alexxander', 'Alfie', 'Alford', 'Alfred', 'Alger', 'Algerno', 'Algie', 'Ali', 'Ali', 'Alibab', 'Alif', 'Alii', 'Alijah', 'Alim', 'Aliyy', 'Allard', 'Allec', 'Allexander', 'Allijah', 'Allister', 'Allonzo', 'Alok', 'Aloke', 'Aloki', 'Alo', 'Alpesh', 'Alsto', 'Altair', 'Alul', 'Alv', 'Alvar', 'Alvi', 'Am', 'Amaari', 'Amad', 'Amal', 'Amalendu', 'Amalesh', 'Am', 'Amanath', 'Amanjot', 'Amar', 'Amardee', 'Amaresh', 'Amari', 'Amarjeet', 'Amarnath', 'Amarty', 'Ambar', 'Ambareesh', 'Ambarish', 'Amber', 'Ambikapathi', 'Ambud', 'Ambuj', 'Ameal', 'Amee', 'Ameer', 'Ameet', 'Ameil', 'Amey', 'Ameyatm', 'Ami', 'Ami', 'Amid', 'Amiir', 'Amil', 'Ami', 'Amir', 'Amirr', 'Amish', 'Amit', 'Amitaabh', 'Amitabh', 'Amitabh', 'Amitav', 'Amitbikram', 'Amitesh', 'Amitiyoti', 'Amitrasud', 'Amjad', 'Aml', 'Amlankusum', 'Amm', 'Ammar', 'Amod', 'Amogh', 'Amol', 'Amolik', 'Amoort', 'Amo', 'Amr', 'Amresh', 'Amrik', 'Amrish', 'Amrit', 'Amritambu', 'Amritay', 'Amshu', 'Amshul', 'Amuk', 'Amul', 'Anaadi', 'Anadi', 'Anagh', 'Anahid', 'Anamitr', 'Anand', 'Anando', 'Anang', 'Ananmay', 'Anant', 'Anantajeet', 'Anantram', 'Ananyo', 'A', 'Anathakrish', 'Anav', 'Anay', 'Anddy', 'Ander', 'Andersso', 'Andre', 'Andrew', 'Anee', 'Aneesh', 'Anek', 'Anesh', 'Ang', 'Angaar', 'Angad', 'Angad', 'Angaj', 'Angak', 'Angello', 'Angu', 'Aniij', 'Anik', 'Anikait', 'Aniket', 'Anil', 'Anilaabh', 'Anilatmaj', 'Animesh', 'Animish', 'Anindy', 'Aniruddh', 'Anirudh', 'Anirudhh', 'Anirv', 'Anirviny', 'Ani', 'Anish', 'Anit', 'Anitej', 'Anjal', 'Anj', 'Anjaney', 'Anj', 'Anj', 'Anjor', 'Anjum', 'Ankal', 'Ankit', 'Ankur', 'Ankush', 'Anmol', 'Anndy', 'Annuabhuj', 'Anoo', 'Anram', 'Ansh', 'Anshu', 'Anshuk', 'Anshul', 'Anshum', 'Anshum', 'Anshumat', 'Anso', 'Antariksh', 'Anthonny', 'Antim', 'Antionne', 'Antoinne', 'Antonnio', 'Antonny', 'Anubhav', 'Anuh', 'Anuhlad', 'Anuj', 'Anunay', 'Anu', 'Anupam', 'Anuraag', 'Anurag', 'Anurag', 'Anush', 'Anuttam', 'Anuv', 'Anvesh', 'Anwar', 'Apoorv', 'Appaji', 'Apparajito', 'Apramey', 'Apuroo', 'Ar', 'Aranab', 'Arav', 'Aravali', 'Arav', 'Aravind', 'Arbad', 'Arch', 'Archer', 'Archie', 'Archit', 'Ardhendu', 'Ardley', 'Ardo', 'Areehah', 'Arf', 'Arghy', 'Arh', 'Arh', 'Arhat', 'Ari', 'Ariel', 'Arif', 'Arih', 'Arih', 'Arihant', 'Arij', 'Ari', 'Arindam', 'Ari', 'Arivanandh', 'Arj', 'Arj', 'Arjit', 'Arju', 'Ark', 'Ark', 'Arkhippo', 'Arledge', 'Arley', 'Arlo', 'Arm', 'Arm', 'Arm', 'Armo', 'Armstrong', 'Arnav', 'Arnesh', 'Arno', 'Arnulfo', 'Aro', 'Aroo', 'Ar', 'Arpit', 'Arri', 'Arric', 'Arrush', 'Arsenio', 'Arsh', 'Arshad', 'Artag', 'Arthur', 'Artie', 'Arti', 'Arul', 'Aru', 'Arunachaleshwar', 'Arv', 'Arvi', 'Arvind', 'Ary', 'Aryadity', 'Aryam', 'Ary', 'Aryav', 'Aryav', 'Asad', 'Asadel', 'Asav', 'Aseem', 'Ashank', 'Ashchary', 'Asheem', 'Asher', 'Ashesh', 'Ashfaq', 'Ashiq', 'Ashirvad', 'Ashish', 'Ashit', 'Ashlesh', 'Ashok', 'Ashraf', 'Ashray', 'Ashrith', 'Ashutosh', 'Ashvath', 'Ashvik', 'Ashvi', 'Ashwaghosh', 'Ashwat', 'Ashwath', 'Ashwattham', 'Ashwi', 'Asif', 'Asim', 'Asit', 'Asitvar', 'Aslesh', 'Asum', 'Aswad', 'Aswath', 'At', 'At', 'Atal', 'Atambhu', 'Atanu', 'Ateet', 'Atharv', 'Atharv', 'Athrv', 'Atif', 'Atiksh', 'Atimanav', 'Atithi', 'Atki', 'Atley', 'Atm', 'Atmajyoti', 'Atm', 'Atmanand', 'Atmanand', 'Atraiu', 'Atul', 'Atuly', 'Audie', 'Aurv', 'Austi', 'Avadhesh', 'Avalok', 'Avaneesh', 'Avanindr', 'Avanish', 'Avashesh', 'Avasyu', 'Avatar', 'Aveer', 'Avi', 'Avichal', 'Avid', 'Avijit', 'Avikam', 'Avilash', 'Avinash', 'Avinashi', 'Aviral', 'Avirat', 'Avish', 'Avital', 'Aviv', 'Avkash', 'Avtar', 'Avyukt', 'Avyukt', 'Awad', 'Awaz', 'Aw', 'Axeel', 'Axel', 'Axell', 'Axxel', 'Ay', 'Ayaaz', 'Ay', 'Ayavanth', 'Ayd', 'Aydde', 'Aydee', 'Ayer', 'Aylmer', 'Aylwi', 'Aym', 'Ayog', 'Ayoob', 'Ayush', 'Ayushm', 'Ayyub', 'Az', 'Azam', 'Azariah', 'Azb', 'Azeem', 'Azel', 'Azhar', 'Azhmeer', 'Azim', 'Aziz', 'Aziz', 'Azriel', 'Azzaam', 'Azzam', 'Baadal', 'Baahir', 'Baalaark', 'Baalkrish', 'Baanbhatt', 'Baanke Bihaari', 'Baasim', 'Babal', 'Babul', 'Babulal', 'Badal', 'Badr', 'Badr al Di', 'Badr Udee', 'Badri', 'Badrick', 'Badrinath', 'Badriprasad', 'Bah', 'Baha al Di', 'Baha Udee', 'Bah', 'Bahir', 'Bahiy Udee', 'Bahiyy', 'Bahubali', 'Bahuley', 'Bahuliy', 'Bahumany', 'Bahurai', 'Bail', 'Baiwab', 'Bajrang', 'Baker', 'Bakool', 'Bakul', 'Balaadity', 'Balachandar', 'Balachandr', 'Balagopal', 'Balagovind', 'Balaji', 'Balakrish', 'Balamani', 'Balamoh', 'Balaraj', 'Balaram', 'Balashankar', 'Balav', 'Balbeer', 'Balbhadr', 'Balbir', 'Baldev', 'Balendu', 'Balgopal', 'Balgovind', 'Bali', 'Balraj', 'Balram', 'Baltasar', 'Balthasar', 'Balvant', 'Balveer', 'Balvindr', 'Balwant', 'Banaj', 'Banbihari', 'Bandhu', 'Bandhul', 'Bandhul', 'Baneet', 'Bani', 'Banke', 'Bankebihari', 'Bankim', 'Bankimchandr', 'Banner', 'Banshi', 'Banshidhar', 'Bansi', 'Bansilal', 'Banwari', 'Baptiste', 'Baqir', 'Barab', 'Barak', 'Barakah', 'Barclay', 'Barde', 'Bardi', 'Barek', 'Barid', 'Barindr', 'Barnab', 'Barnab', 'Barnaby', 'Barne', 'Barnum', 'Baro', 'Barric', 'Barro', 'Barsaat', 'Barth', 'Bartholemew', 'Bartlet', 'Bartley', 'Barto', 'Bartt', 'Baru', 'Basaam', 'Basant', 'Basant', 'Basavaraj', 'Basdev', 'Basel', 'Bashaar', 'Bashir', 'Bashshar', 'Basil', 'Basim', 'Basisth', 'Bassam', 'Bassett', 'Bat', 'Bathsheb', 'Batuk', 'Baxter', 'Bay', 'Bayro', 'Beacher', 'Beam', 'Beamer', 'Beasley', 'Beaver', 'Beck', 'Bede', 'Bell', 'Be', 'Benedict', 'Benjame', 'Benjami', 'Benjammi', 'Be', 'Bennjami', 'Benny', 'Benso', 'Bentley', 'Bento', 'Bernard', 'Bernardo', 'Berry', 'Bertie', 'Berto', 'Bertram', 'Beryl', 'Beval', 'Bhadrak', 'Bhadrakapil', 'Bhadraksh', 'Bhadrashree', 'Bhadresh', 'Bhagat', 'Bhagav', 'Bhagesh', 'Bhagirath', 'Bhagwant', 'Bhagyaraj', 'Bhairav', 'Bhaj', 'Bhalendr', 'Bhalendu', 'Bhanu', 'Bhanud', 'Bhanumitr', 'Bhanuprakash', 'Bhanuprasad', 'Bharadwaj', 'Bharat', 'Bharddwaj', 'Bhargav', 'Bhargav', 'Bhargav', 'Bhartesh', 'Bhartihari', 'Bhaskar', 'Bhasv', 'Bhaswar', 'Bhaumik', 'Bhav', 'Bhav-bhooti', 'Bhav', 'Bhaveeth', 'Bhavesh', 'Bhavik', 'Bhavi', 'Bhawanid', 'Bheemse', 'Bheesham', 'Bheru', 'Bhim', 'Bhishm', 'Bhoj', 'Bhojaraj', 'Bholanath', 'Bhoopat', 'Bhoopendr', 'Bhoosh', 'Bhooshit', 'Bhoumik', 'Bhramar', 'Bhrigu', 'Bhudev', 'Bhudhav', 'Bhum', 'Bhumi', 'Bhupad', 'Bhupal', 'Bhupati', 'Bhupe', 'Bhupendr', 'Bhupesh', 'Bhush', 'Bhuv', 'Bhuvanesh', 'Bhuvaneshwar', 'Bhuvesh', 'Bibek', 'Bibh', 'Bibosw', 'Bijal', 'Bijesh', 'Bilaal', 'Bilal', 'Billal', 'Bilv', 'Bimal', 'Bimb', 'Bimbisaar', 'Bindusar', 'Binky', 'Bipi', 'Bir', 'Birbal', 'Birch', 'Bire', 'Birendr', 'Birinder', 'Birju', 'Birtle', 'Bisaj', 'Bisho', 'Bishr', 'Blai', 'Blake', 'Blaze', 'Bo', 'Boaz', 'Bob', 'Bobby', 'Bodh', 'Bond', 'Booker', 'Bor', 'Bosley', 'Bosto', 'Boudhay', 'Bourne', 'Brad', 'Bradd', 'Bradde', 'Bradey', 'Bradlee', 'Bradley', 'Bradly', 'Bradshaw', 'Brady', 'Brady', 'Braed', 'Braede', 'Braedo', 'Braedy', 'Brahm', 'Brahmaanand', 'Brahmabrat', 'Brahmadutt', 'Braide', 'Braido', 'Brainard', 'Braj', 'Brajamoh', 'Brajendr', 'Brajesh', 'Brajraaj', 'Bramhaghosh', 'Bramhanand', 'Bramwell', 'Brand', 'Branddo', 'Brande', 'Brande', 'Brandi', 'Brando', 'Brando', 'Brando', 'Brandt', 'Brandy', 'Branndo', 'Branse', 'Branso', 'Brant', 'Brantly', 'Branto', 'Bratindr', 'Braulio', 'Braxto', 'Braxxto', 'Brayde', 'Brayde', 'Braydo', 'Brayto', 'Brend', 'Brendo', 'Brendy', 'Brene', 'Bre', 'Brennd', 'Brennde', 'Brenndo', 'Brenne', 'Brenner', 'Brenno', 'Brent', 'Brente', 'Brentley', 'Brento', 'Brentt', 'Brentto', 'Brewster', 'Brice', 'Brick', 'Bridger', 'Brighto', 'Brij', 'Brijesh', 'Brijkishor', 'Brijmoh', 'Brijnand', 'Brijraj', 'Brinley', 'Brirar', 'Britt', 'Broc', 'Brock', 'Brockto', 'Brod', 'Brodderick', 'Broderick', 'Brodrick', 'Bromley', 'Bronso', 'Brook', 'Bruno', 'Bryde', 'Brydo', 'Bryo', 'Bryso', 'Bryto', 'Buck', 'Buckley', 'Bud', 'Buddh', 'Buddhadev', 'Buddhadev', 'Buddhapriy', 'Budhil', 'Buell', 'Buford', 'Bukk', 'Bundy', 'Burd', 'Burford', 'Burge', 'Burh', 'Burh', 'Burl', 'Burleigh', 'Burne', 'Burnett', 'Burney', 'Burr', 'Burri', 'Burt', 'Burto', 'Butcher', 'Byram', 'Byr', 'Byrd', 'Byrne', 'Byro', 'Caade', 'Cadby', 'Cadde', 'Calder', 'Cale', 'Callum', 'Calum', 'Calvi', 'Camerro', 'Cammero', 'Cammro', 'Carl', 'Carlo', 'Carlto', 'Carlyle', 'Carnell', 'Carrso', 'Carse', 'Carso', 'Carter', 'Cartland', 'Carvell', 'Carver', 'Case', 'Caspar', 'Casso', 'Cater', 'Cawley', 'Cayde', 'Cederic', 'Cedric', 'Cedrick', 'Cedrik', 'Cemal', 'Ceph', 'Chaanaky', 'Chaaruchandr', 'Chaarudatt', 'Chaaruh', 'Chad', 'Chadd', 'Chaddrick', 'Chadrick', 'Chahel', 'Chaik', 'Chai', 'Chait', 'Chaitany', 'Chakor', 'Chakradev', 'Chakradhar', 'Chakrapaani', 'Chakravartee', 'Chakravarthi', 'Chakresh', 'Chaksh', 'Chakshu', 'Cham', 'Chamanlal', 'Champak', 'Champio', 'Chanak', 'Chanaky', 'Chancellor', 'Chancelor', 'Chanchal', 'Chanchareek', 'Chandak', 'Chand', 'Chandavarm', 'Chandeed', 'Chander', 'Chandr', 'Chandraabh', 'Chandraadity', 'Chandr', 'Chandraay', 'Chandrabh', 'Chandrachur', 'Chandragupt', 'Chandrah', 'Chandrah', 'Chandrak', 'Chandraketu', 'Chandraki', 'Chandrakir', 'Chandrakirthi', 'Chandrakishore', 'Chandrakumar', 'Chandramaadhav', 'Chandramauli', 'Chandramoh', 'Chandr', 'Chandranath', 'Chandraprakaash', 'Chandraprakash', 'Chandraraj', 'Chandrase', 'Chandrashekar', 'Chandrashekhar', 'Chandrath', 'Chandravad', 'Chandresh', 'Chandroday', 'Chandrpeed', 'Chane', 'Channce', 'Chant', 'Chany', 'Chapal', 'Charak', 'Char', 'Charanjit', 'Charle', 'Charlesto', 'Charlie', 'Charlle', 'Charlto', 'Charudatt', 'Charudutt', 'Charusheel', 'Charuvardh', 'Charuvindh', 'Charuvrat', 'Ch', 'Chasse', 'Chatresh', 'Chatur', 'Chatur', 'Chaturbhuj', 'Chauncey', 'Chauncy', 'Chaz', 'Chazz', 'Chester', 'Chesto', 'Chet', 'Chetak', 'Chet', 'Chetanaanand', 'Chett', 'Chhaayank', 'Chhandak', 'Chhatrabhuj', 'Chick', 'Chidaakaash', 'Chidaatm', 'Chidambar', 'Chidanand', 'Chidhatma Big Soul', 'Chikku', 'Chim', 'Chinar', 'Chinmay', 'Chinmayanand', 'Chinmayu', 'Chintak', 'Chint', 'Chintav', 'Chintu', 'Chi', 'Chipper', 'Chirag', 'Chiranjeev', 'Chiranjiv', 'Chirant', 'Chirayu', 'Chitesh', 'Chitrabaahu', 'Chitrabhanu', 'Chitragupt', 'Chitragupt', 'Chitraketu', 'Chitraksh', 'Chitral', 'Chitrarath', 'Chitrase', 'Chitt', 'Chittaprasad', 'Chittaranj', 'Chittaswaru', 'Chittesh', 'Chol', 'Christi', 'Christianu', 'Christo', 'Christoopher', 'Christopher', 'Christophor', 'Chudamani', 'Chunmay Supreme Consciousne', 'Churchill', 'Chyav', 'Citry', 'Claudiu', 'Clayto', 'Cleavo', 'Cleve', 'Cleveland', 'Cliff', 'Clifford', 'Cliffto', 'Clifto', 'Clint', 'Clive', 'Coady', 'Coddy', 'Codey', 'Codie', 'Cody', 'Coe', 'Colbert', 'Colbey', 'Colby', 'Cole', 'Coley', 'Colley', 'Collier', 'Colso', 'Colt', 'Colt', 'Colte', 'Colter', 'Colti', 'Colto', 'Colty', 'Connie', 'Cook', 'Corbett', 'Cordaro', 'Corderro', 'Corli', 'Cornelliu', 'Cornwalli', 'Cortland', 'Corwi', 'Coulter', 'Coy', 'Craig', 'Cramer', 'Crandall', 'Crane', 'Cransto', 'Crispi', 'Crist', 'Cristofer', 'Cristoffer', 'Crosley', 'Crowther', 'Culver', 'Curt', 'Curti', 'Cuthbert', 'Cyril', 'Cyru', 'Cyru', "'ud", 'odar', '', 'ro', 'ruk', 'ru', 'beet', 'bir', 'ce', 'gel', '', 'g', 'h', 'h', 'y', 'vy', 'wik', 'ksh', 'kshesh', 'kshi', 'kshinay', 'jit', '', 'bert', 'bhy', '', '', 'y', '', '', '', '', '', 'o', 'o', 'y', 'o', 'pati', 'vi', 'y', '', 'rcu', '', '', 'o', 'odar', 'o', '', 'dak', 'dapaani', '', '', '', 'o', 'h', 'h', 'o', '', '', 'uj', 'vir', 'yl', 'rell', 're', 'rio', 'rnel', 'rnell', 'ro', 'ro', 'rpad', 'rpak', 'r', 'rrel', 'rrell', 'rre', 'rrio', 'rriu', 'rryll', 'rsh', 'rshak', 'rsh', 'rshil', 'rshit', 'ruk', 'rvi', 'rwi', 'harath', 'harathi', 'y', 'h', '', 'rey', 'y', 'ulto', 've', 'vid', 'vio', 'vi', 'vvid', 'woud', 'wso', 'wud', 'x', 'yaal', 'yad', 'yakar', 'yakar', 'yamay', 'yanand', 'yanidhi', 'yaram', 'yasagar', 'yasagar', 'yashankar', 'yaswaru', 'yy', 'bor', '', 'bashi', 'bashish', 'bjit', 'ddrick', 'drick', '', 'bandhu', 'dayaal', 'h', 'babdhu', '', 'pak', '', 'pankar', 'pendr', 'pendu', 'pesh', 'pit', 'ptanshu', 'ptendu', 'ptesh', 'ptim', 'ptimoy', 'rick', 'haw', 'vo', 'habhuj', '', 'y', '', 'o', 'vi', 'vo', 'wi', 'rco', 'rrio', 'onte', 'ham', '', 'y', '', 'o', 'o', 'ver', 'zell', 'reck', 'ro', 'rreck', 'rrek', 'rro', 'rwi', 'had', 'v', 'v Kumar', 'vaapi', 'vabrat', 'vachandr', 'vadarsh', 'vad', 'vadatt', 'vadatt', 'vadev', 'vadhi', 'vadutt', 'vadyum', 'vagy', 'vaj', 'vajut', 'vajyoti', 'vak', 'vakanth', 'vakeenand', 'vakumar', 'val', 'vamad', 'vanand', 'vang', 'vank', 'vansh', 'varaj', 'var', 'varsi', 'vary', 'vashish', 'vaugh', 'vbrat', 'vdarsh', 'vd', 'vdatt', 'vdutt', 'veed', 'vendr', 'vendranath', 'vesh', 'veshwar', 'vguru', 'vi', 'vid', 'vilaal', 'vilal', 'viprasad', 'vkinand', 'vkumar', 'vnaray', 'vnath', 'vpad', 'vraaj', 'vraj', 'vrat', 'vse', 'vve', 'vvi', 'vvrat', 'xter', 'hairy', 'hanajit', 'hananad', 'hananjay', 'hanapati', 'hanesh', 'hanraj', 'hansukh', 'hanush', 'hanvant', 'hanvantari', 'hanvi', 'hanvine', 'haramnishth', 'haranidhar', 'harendr', 'haritree', 'harm-mitr', 'harm', 'harmachandr', 'harmad', 'harmad', 'harmadev', 'harmadity', 'harmakeerti', 'harmaketu', 'harmanand', 'harmaraaj', 'harmaveer', 'harmendr', 'harmendu', 'harmesh', 'harmik', 'harmpaal', 'harmpal', 'harmveer', 'haru', 'haval', 'haval', 'havalachandr', 'hawal', 'heem', 'heemant', 'heemanth', 'heer', 'heeraj', 'heer', 'heerandr', 'heerendr', 'heivamani', 'hev', 'hevaney', 'hikshit', 'hil', 'himant', 'hinant', 'hipi', 'hir', 'hiraj', 'hire', 'hirendr', 'hritim', 'hritul', 'hrupad', 'hruv', 'hruv', 'hul Fiqaar', 'hul Fiqar', 'hy', 'hyanesh', 'hyaneshwar', 'ckso', 'udo', 'gambar', 'gamber', 'gant', 'gvastr', 'gvijay', 'ksh', 'war', 'ber', '', '', 'kar', 'h', 'pati', 'r', 'dayal', 'dr', 'h', 'kar', 'o', 'pal', 'o', 'pe', 'pendu', 'pesh', 'ptanshu', 'rk', 'vaakar', 'vakar', 'vit', 'vyam', 'vyang', 'vyanshu', 'vyendu', 'vyesh', 'xo', 'ya al Di', 'yaa Udee', 'oane', 'ob', 'ominic', 'ominicc', 'omminic', 'omminick', 'onnald', 'onnov', 'onov', 'oro', 'ov', 'rake', 're', 'rew', 'ro', 'ru', 'rue', 'rupad', 'ryde', 'udd', 'uddu', 'udley', 'ulal', 'unley', 'ur', 'uranjay', 'urell', 'urgad', 'urgadutt', 'urgesh', 'urijesh', 'urj', 'urjay', 'urmad', 'urrell', 'urvesh', 'urvish', 'urwi', 'ushyant', 'ushyant', 'usti', 'usty', 'vimidh', 'waaraka-nath', 'waipay', 'waraka-d', 'warak', 'wight', 'wijaraj', 'wijendr', 'wijesh', 'yer', 'yke', 'yoti', 'yso', 'yuk', 'yumani', 'yumat', 'yum', 'yutit', 'E', 'E', 'Earl', 'Earnest', 'Eash', 'Eb', 'Ebenezer', 'Ebner', 'Ebrahim', 'Ed', 'Edbert', 'Eddie', 'Eddiso', 'Eddward', 'Eddy', 'Ede', 'Edgar', 'Edgard', 'Edgardo', 'Edh', 'Edi', 'Ediso', 'Edisso', 'Edmond', 'Edmund', 'Ednit', 'Edric', 'Edsel', 'Edso', 'Edward', 'Edwardd', 'Edwi', 'Edwi', 'Eeshwar', 'Effre', 'Efrat', 'Efrem', 'Efre', 'Egbert', 'Eh', 'Ehimay', 'Ei', 'Eisig', 'Eit', 'Ek', 'Ekaaksh', 'Ekaakshar', 'Ekaant', 'Ekaatm', 'Ekachakr', 'Ekachandr', 'Ekachith', 'Ekadant', 'Ekagrah', 'Ekaksh', 'Ekalavy', 'Ekaling', 'Ekaling', 'Ekambar', 'Ekamveer', 'Ek', 'Ekanath', 'Ekang', 'Ekani', 'Ekansh', 'Ekapad', 'Ekaraj', 'Ekat', 'Ekavir', 'Ekavir', 'Ekayav', 'Ekbal', 'Eklavy', 'Eknath', 'Ekodar', 'Ekram', 'Elbert', 'Elde', 'Elder', 'Eldo', 'Eldred', 'Eldwi', 'Elgi', 'Eli', 'Eliah', 'Eliam', 'Eli', 'Eli', 'Eliezer', 'Elii', 'Eliijah', 'Elijaah', 'Elijah', 'Elijahh', 'Elijh', 'Elio', 'Eliot', 'Eliott', 'Elisee', 'Eliseo', 'Eljah', 'Elli', 'Elli', 'Ellijah', 'Elliot', 'Elliott', 'Elli', 'Ellsworth', 'Elmer', 'Elmore', 'Eloy', 'Elsto', 'Elto', 'Elvi', 'Elvy', 'Ely', 'Em', 'Emanuel', 'Emilliano', 'Emillio', 'Emir', 'Emmanuel', 'Emmiliano', 'Enoch', 'Enrrique', 'Enzo', 'Enzzo', 'Eoi', 'Ephrem', 'Er', 'Eric', 'Ericc', 'Erick', 'Erickso', 'Erikk', 'Erland', 'Erling', 'Ernest', 'Ernie', 'Ero', 'Erric', 'Errick', 'Errik', 'Errol', 'Ervi', 'Ervine', 'Erwi', 'Esam', 'Esav', 'Esh', 'Esh', 'Esh', 'Eshwar', 'Eshwardutt', 'Esmond', 'Essam', 'Et', 'Etash', 'Eth', 'Eth', 'Ethe', 'Ett', 'Eugenio', 'Ev', 'Ev', 'Evyav', 'Ewald', 'Ew', 'Ewert', 'Ewing', 'Eyad', 'Eyal', 'Ezekial', 'Ezekiel', 'Ezequiel', 'Ezio', 'Ezr', 'Faakhir', 'Faari', 'Faarooq', 'Faaz', 'Fadi', 'Fadil', 'Fadl', 'Fadl Ullah', 'Fahad', 'Fahd', 'Faisal', 'Faizal', 'Faiz', 'Faizee', 'Fakhir', 'Fakhiri', 'Fakhry', 'Fakih', 'Falgu', 'Falguni', 'Falito', 'Fane', 'Fanibhu', 'Fanibhush', 'Fanindr', 'Fanish', 'Fanishwar', 'Fareed', 'Fareeq', 'Farh', 'Farhad', 'Farh', 'Farid', 'Fariq', 'Fari', 'Farley', 'Farnell', 'Farnley', 'Faro', 'Farooq', 'Farr', 'Farrow', 'Faruq', 'Fatee', 'Fath', 'Fathi', 'Fati', 'Fawad', 'Fawaz', 'Fawwaz', 'Fawzi', 'Fayaz', 'Faysal', 'Feivel', 'Felix', 'Fellipe', 'Felto', 'Fenil', 'Fento', 'Fergu', 'Feroz', 'Ferr', 'Fid', 'Fid', 'Fidel', 'Field', 'Filbert', 'Fili', 'Filli', 'Finnlay', 'Fir', 'Fir', 'Firth', 'Fischer', 'Fisher', 'Fiske', 'Fitch', 'Fitz', 'Fitzhugh', 'Fleming', 'Fletcher', 'Flint', 'Floyd', 'Flurry', 'Ford', 'Forester', 'Forestt', 'Forrestt', 'Fouad', 'Fowler', 'Francesco', 'Franci', 'Franco', 'Frank', 'Frankie', 'Frankli', 'Frankly', 'Franky', 'Fraser', 'Fravash', 'Frayne', 'Fredderick', 'Freddrick', 'Freebor', 'Freem', 'Frewi', 'Frey', 'Frick', 'Fridolf', 'Fuad', 'Fudail', 'Fulto', 'Gabai', 'Gabe', 'Gaddiel', 'Gadhadhar', 'Gadiel', 'Gadi', 'Gaery', 'Gag', 'Gag', 'Gagandee', 'Gaganvihari', 'Gagnesh', 'Gajaadhar', 'Gaj', 'Gajanand', 'Gajbaahu', 'Gajdant', 'Gajendr', 'Gajendranath', 'Gajkar', 'Gajpati', 'Gajru', 'Gajvad', 'Galto', 'Gamal', 'Gamali', 'Gambheer', 'Ganak', 'Ganak', 'Ganapati', 'Ganaraj', 'Gandesh', 'Gandh', 'Gandhar', 'Gandharaj', 'Gandharv', 'Gandharv', 'Gandhi', 'Gandhik', 'Gandir', 'Gandiv', 'Ganendr', 'Ganesh', 'Gangadatt', 'Gangadhar', 'Gangadutt', 'Gangesh', 'Gangesh', 'Gangey', 'Gangol', 'Ganit', 'Ganj', 'Gannaath', 'Ganno', 'Gar', 'Gare', 'Garett', 'Garg', 'Gari', 'Gario', 'Garisht', 'Garj', 'Garm', 'Garnet', 'Garnett', 'Garrad', 'Garre', 'Garreth', 'Garrick', 'Garri', 'Garriso', 'Garry', 'Garso', 'Garth', 'Garud', 'Garv', 'Garvi', 'Gary', 'Gatik', 'Gauge', 'Gaurang', 'Gaurav', 'Gauresh', 'Gaurikant', 'Gaurinand', 'Gaurinath', 'Gaurish', 'Gaurishankar', 'Gaurisut', 'Gautam', 'Gavesh', 'Gavi', 'Gavisht', 'Gavvi', 'Gavy', 'Gayak', 'Gay', 'Geet', 'Geffrey', 'Genesi', 'Gent', 'Genty', 'Geoff', 'Geraldo', 'Gerard', 'Gerome', 'Gerrald', 'Gerrard', 'Gerrod', 'Gerry', 'Gersham', 'Gerso', 'Geyaraj', 'Ghaalib', 'Ghaazi', 'Ghalib', 'Ghanaanand', 'Ghanashyam', 'Ghanendr', 'Ghanshyam', 'Gh', 'Gh', 'Ghazi', 'Ghiyaath', 'Ghiyath', 'Giancarlo', 'Gianncarlo', 'Gib', 'Gibso', 'Giddeo', 'Gig', 'Gil', 'Gilbert', 'Gille', 'Gilmer', 'Gilo', 'Ginno', 'Giovanii', 'Gipsy', 'Girdhari', 'Giri', 'Giridari', 'Giridhar', 'Girijanand', 'Girik', 'Girilal', 'Girindr', 'Giriraj', 'Girish', 'Girivar', 'Girv', 'Gitashri', 'Giuseppe', 'Givo', 'Gladwi', 'Glee', 'Gobhil', 'Godwi', 'Gogul', 'Gokul', 'Goldwi', 'Gomer', 'Gonzalo', 'Gopal', 'Go', 'Gopesh', 'Gopi', 'Gopichand', 'Gorakh', 'Gorakh-naath', 'Goral', 'Gordo', 'Gordy', 'Gore', 'Goswamee', 'Gourishankar', 'Goutam', 'Govardh', 'Govind', 'Govind', 'Graddy', 'Graeme', 'Graham', 'Grahish', 'Grant', 'Granthik', 'Grantley', 'Gray', 'Grayde', 'Graydo', 'Graydo', 'Grayse', 'Grayso', 'Greeley', 'Greggory', 'Gregory', 'Gresham', 'Grey', 'Greydo', 'Greyso', 'Grihith', 'Grimshaw', 'Grishm', 'Grover', 'Gruhit', 'Gudakesh', 'Guhy', 'Guifford', 'Gul', 'Gulab', 'Gulal', 'Gulsh', 'Gulzar', 'Gulzarilal', 'Gu', 'Gunaakar', 'Gunagy', 'Gunaj', 'Gunal', 'Gunamay', 'Gunarat', 'Gunayukth', 'Guni', 'Guni', 'Gunj', 'Gunner', 'Gunvant', 'Gunwant', 'Gupil', 'Gur', 'Gurbach', 'Gurchar', 'Gurdayal', 'Gurdee', 'Gurj', 'Gurjo', 'Gurm', 'Gurmeet', 'Gurmukh', 'Gurnam', 'Gurpreet', 'Gur', 'Gurshar', 'Guru', 'Gurubach', 'Guruchar', 'Gurud', 'Gurudatt', 'Gurudutt', 'Gurushar', 'Guruttam', 'Gy', 'Gyandev', 'Haady', 'Haakim', 'Haamid', 'Haani', 'Haarith', 'Haaroo', 'Haashim', 'Haatim', 'Habib', 'Hadde', 'Hade', 'Hadi', 'Hadriel', 'Hadwi', 'Hafeez', 'Hafiz', 'Hagley', 'Haide', 'Haig', 'Haine', 'Haji', 'Hakeem', 'Hakeim', 'Hakem', 'Hakesh', 'Hakiem', 'Hakim', 'Hal', 'Halbert', 'Hale', 'Halford', 'Halim', 'Hall', 'Hallam', 'Hall', 'Halto', 'Ham', 'Hamal', 'Hamd', 'Hamid', 'Hamill', 'Hamilto', 'Hamish', 'Hammad', 'Hammet', 'Hammond', 'Hampto', 'Ham', 'Hamshad', 'Hamz', 'Hamzah', 'Hanbal', 'Handel', 'Haney', 'Hani', 'Hanif', 'Hank', 'Hanley', 'Hannibal', 'H', 'H', 'Hansaraj', 'Hanshal', 'Hansi', 'Hansraaj', 'Hanum', 'Hanumant', 'Har', 'Har', 'Harde', 'Hardik', 'Harding', 'Hardwi', 'Hareendr', 'Hareesh', 'Harekrish', 'Harendr', 'Haresh', 'Harford', 'hari', 'Hari', 'Hariak', 'Harichar', 'Harid', 'Harigopal', 'Harihar', 'Harij', 'Harikanth', 'Harikrish', 'Harilal', 'Harim', 'Harinaksh', 'Harinaray', 'Harindr', 'Harindranath', 'Hariom', 'Hariprasad', 'Haripreet', 'Hariraj', 'Hariram', 'Hari', 'Harish', 'Harishankar', 'Harishchandr', 'Harit', 'Haritbar', 'Harivansh', 'Harivil', 'Harjeet', 'Harjit', 'Harkrish', 'Harl', 'Harlow', 'Harm', 'Harm', 'Harmendr', 'Harmo', 'Harold', 'Haroo', 'Harou', 'Harper', 'Harrey', 'Harri', 'Harriso', 'Harrold', 'Harry', 'Harsh', 'Harshad', 'Harshal', 'Harsham', 'Harsh', 'Harshavardh', 'Harshdee', 'Harshil', 'Harshit', 'Harshith', 'Harshul', 'Harshvardh', 'Hart', 'Harteij', 'Hartley', 'Haru', 'Harvir', 'Hary', 'H', 'Hashim', 'Hasim', 'Hasit', 'Haslett', 'Hasmukh', 'H', 'Hassel', 'Hasti', 'Hatim', 'Havish', 'Hawk', 'Hawley', 'Hayde', 'Hayd', 'Haydo', 'Haye', 'Haytham', 'Hazrat', 'Heath', 'Heato', 'Hedley', 'Hehu', 'Hem', 'Hemaadri', 'Hemachandr', 'Hemadri', 'Hemakesh', 'Hemal', 'Hemamdar', 'Hemang', 'Hemang', 'Hemant', 'Hemaprakash', 'Hemaprasad', 'Hemaraj', 'Hemavatinand', 'Hemchander', 'Hemdev', 'Heme', 'Hemendr', 'Hemendu', 'Hemish', 'Hemraaj', 'Hemraj', 'Henley', 'Hennry', 'Henrry', 'Henry', 'Heramb', 'Heramb', 'Herm', 'Her', 'Herschel', 'Hetal', 'Hewso', 'Hilal', 'Hilel', 'Himaadri', 'Himaanshu', 'Himachal', 'Himadri', 'Himagh', 'Himalay', 'Himanish', 'Himank', 'Himanshu', 'Himmat', 'Himnish', 'Hindol', 'Hir', 'Hiranmay', 'Hiranmay', 'Hirany', 'Hiranyak', 'Hire', 'Hirendr', 'Hiresh', 'Hisham', 'Hitansh', 'Hitarth', 'Hite', 'Hitendr', 'Hitesh', 'Hobso', 'Hodgso', 'Holbrook', 'Holde', 'Holme', 'Holt', 'Hommer', 'Horrace', 'Horto', 'Hose', 'Houd', 'Howard', 'Howie', 'Hreh', 'Hriday', 'Hridayanand', 'Hridayanath', 'Hridayesh', 'Hridaynath', 'Hridyanshu', 'Hrim', 'Hrishi', 'Hrishikesh', 'Hrithik', 'Hritik', 'Hryday', 'Hrydayesh', 'Hubbert', 'Hubie', 'Hud', 'Hudhayfah', 'Hudso', 'Huey', 'Hugh', 'Humam', 'Hung', 'Huntley', 'Huntter', 'Hurdity', 'Hurst', 'Husaam', 'Husai', 'Husam', 'Husam al Di', 'Husay', 'Hussai', 'Hussei', 'Husto', 'Huthayf', 'Hutto', 'Huxley', 'Huy', 'Hyatt', 'Hyde', 'Hyder', 'Hym', 'I', 'Iai', 'I', 'Ibh', 'Ibraheem', 'Ibraheim', 'Ibrahim', 'Ich', 'Idaspati', 'Ide', 'Idhant', 'Idree', 'Idri', 'Ie', 'Ignatiu', 'Ihit', 'Ih', 'Ih', 'Ihtesham', 'Ihu', 'Ijay', 'Ike', 'Ikee', 'Ikesh', 'Ikram', 'Ikrimah', 'Iksh', 'Ikshu', 'Ilashpasti', 'Ilesh', 'Ili', 'Illiy', 'Ily', 'Imaad', 'Imaad Udee', 'Imad', 'Imad al Di', 'Imam', 'Imanol', 'Imar', 'Immanol', 'Immanuel', 'Imr', 'Imr', 'Imtiyaz', 'I', 'Inakant', 'Indeever', 'Indivar', 'Indr', 'Indraarju', 'Indradatt', 'Indradutt', 'Indradyum', 'Indrajeet', 'Indrajit', 'Indraneel', 'Indrase', 'Indrase', 'Indrasut', 'Indrat', 'Indravad', 'Indubhush', 'Induh', 'Induj', 'Indukant', 'Indulal', 'Induleksh', 'Indumal', 'Indumat', 'Indumauli', 'Indushekhar', 'Inesh', 'Inganam', 'Ingram', 'Inoday', 'Inshaf', 'Ipsit', 'Iraj', 'Iraj', 'Iram', 'Irav', 'Iravat', 'Iresh', 'Irf', 'Irf', 'Iri', 'Irwi', 'Is-haaq', 'I', 'Isaac', 'Isaak', 'Isaam', 'Isaiah', 'Isai', 'Isaie', 'Isam', 'Ish', 'Ish', 'Isham', 'Ish', 'Ish', 'Ishaq', 'Ishat', 'Ishayu', 'Ishir', 'Ishit', 'Ishmael', 'Ishq', 'Ishrat', 'Ishwar', 'Isidor', 'Isidore', 'Isidro', 'Iskandar', 'Iskander', "Isma'il", 'Ismaaeel', 'Ismaael', 'Ismaeel', 'Isrrael', 'Issai', 'Issaiah', 'Issai', 'Issam', 'Itzak', 'Iv', 'Iv', 'Ive', 'Ivrit', 'Iyaad', 'Iyad', 'Izz al Di', 'Izz Udee', 'Izzaiah', 'Izzy', 'Jaabir', 'Jaade', 'Jaafar', 'Jaale', 'Jaamal', 'J', 'Jaaro', 'Jaaso', 'Jaavo', 'Jabaar', 'Jabar', 'Jabari', 'Jabarr', 'Jabarri', 'Jabbaar', 'Jabbar', 'Jabez', 'Jabez', 'Jabir', 'Jaccob', 'Jackso', 'Jacob', 'Jacobb', 'Jacobso', 'Jado', 'Jafar', 'Jag', 'Jag Jeev', 'Jagachandr', 'Jagadayu', 'Jagadbandu', 'Jagadee', 'Jagadev', 'Jagadhidh', 'Jagadhish', 'Jagadi', 'Jagadish', 'Jagajeet', 'Jagajeev', 'Jag', 'Jaganmay', 'Jagannath', 'Jagat', 'Jagatbehari', 'Jagatguru', 'Jagatkishor', 'Jagatpal', 'Jagatprabhu', 'Jagatprakash', 'Jagatveer', 'Jagdee', 'Jagdeo', 'Jagdish', 'Jagesh', 'Jagger', 'Jagger', 'Jagish', 'Jagjeev', 'Jagmoh', 'Jago', 'Jagrav', 'Jagur', 'Jaheem', 'Jahi', 'Jahiem', 'Jahmal', 'Jahmil', 'Jahnu', 'Jai', 'Jaichand', 'Jaidayal', 'Jaidde', 'Jaidee', 'Jaide', 'Jaidev', 'Jaigath', 'Jaigopal', 'Jaiide', 'Jaikrish', 'Jaim', 'Jaimini', 'Jainaray', 'Jainil', 'Jaipal', 'Jair', 'Jairaj', 'Jairam', 'Jairo', 'Jaisal', 'Jaishankar', 'Jaisukh', 'Jaithr', 'Jaitr', 'Jaival', 'Jaivant', 'Jaivardh', 'Jaiveer', 'Jaiwant', 'Jakariou', 'Jake', 'Jakeem', 'Jakkob', 'Jakob', 'Jakobe', 'Jakobee', 'Jalaal', 'Jalad', 'Jalal', 'Jalbhush', 'Jaldev', 'Jaldhar', 'Jaleel', 'Jalendr', 'Jalendu', 'Jale', 'Jalesh', 'Jalil', 'Jalill', 'Jalindr', 'Jalle', 'Jal', 'Jam', 'Jamaal', 'Jamaal Udee', 'Jamaar', 'Jamaari', 'Jamael', 'Jamahl', 'Jamail', 'Jamal', 'Jamal al Di', 'Jamall', 'Jamarcu', 'Jamarii', 'Jamarr', 'Jamarri', 'Jameel', 'Jame', 'Jameso', 'Jame', 'Jamesso', 'Jamieso', 'Jamil', 'Jamill', 'Jamiso', 'Jammal', 'Jammar', 'Jammel', 'Jamme', 'Janak', 'Janakibhush', 'Janakid', 'Janakinath', 'Janakiram', 'Janamejay', 'Janard', 'Janav', 'Janesh', 'Jankesh', 'Janmesh', 'Janu', 'J', 'J', 'Japendr', 'Japesh', 'Japeth', 'Japheth', 'Jaquez', 'Jarad', 'Jared', 'Jaredd', 'Jaret', 'Jarett', 'Jariath', 'Jarlath', 'Jaro', 'Jaro', 'Jarrad', 'Jarrar', 'Jarrell', 'Jarret', 'Jarrett', 'Jarro', 'J', 'Jasamit', 'Jasapal', 'Jasbeer', 'Jase', 'Jash', 'Jashith', 'Jasjit', 'Jaskar', 'Jaso', 'Jaso', 'Jaspal', 'Jasraj', 'Jasser', 'Jasso', 'Jasveer', 'Jaswant', 'Jata Shankar', 'Jataayu', 'Jat', 'Jatasy', 'Jati', 'Jaty', 'Javed', 'Javeed', 'Jave', 'Javesh', 'Javo', 'Jawad', 'Jawahar', 'Jawdat', 'Jawhar', 'Jax', 'Jaxo', 'Jaxso', 'Jaxx', 'Jaxxo', 'Jaxxso', 'Jay', 'Jay', 'Jayachand', 'Jayad', 'Jayadee', 'Jayadity', 'Jayakrish', 'Jayakumar', 'Jayant', 'Jayant', 'Jayapal', 'Jayaprakash', 'Jayashekhar', 'Jayawant', 'Jaydde', 'Jayendr', 'Jayesh', 'Jayi', 'Jaylle', 'Jayme', 'Jayme', 'Jaymz', 'Jaysukh', 'Jayvo', 'Jayvo', 'Jeb', 'Jebediah', 'Jed', 'Jedd', 'Jedediah', 'Jedidiah', 'Jeemutbah', 'Jeeval', 'Jeev', 'Jeevanprakash', 'Jeevaraaj', 'Jeevesh', 'Jeff', 'Jefferey', 'Jefferso', 'Jeffery', 'Jefford', 'Jeffrey', 'Jeffry', 'Jem', 'Jemal', 'Je', 'Jerald', 'Jerall', 'Jered', 'Jerel', 'Jerell', 'Jereme', 'Jeremey', 'Jeremi', 'Jeremiah', 'Jeremie', 'Jeremmy', 'Jeremy', 'Jermai', 'Jermey', 'Jerod', 'Jerold', 'Jerome', 'Jeromee', 'Jero', 'Jerrad', 'Jerrald', 'Jerramie', 'Jerramy', 'Jerred', 'Jerrell', 'Jerremiah', 'Jerremy', 'Jerricho', 'Jerrick', 'Jerri', 'Jerrod', 'Jerrold', 'Jerrome', 'Jerro', 'Jerry', 'Jervi', 'Jesse', 'Jessu', 'Jesu', 'Jethro', 'Jett', 'Jevo', 'Jhoomer', 'Jhulier', 'Jhumar', 'Jibri', 'Jibril', 'Jigar', 'Jiger', 'Jignesh', 'Jihad', 'Jilesh', 'Jim', 'Jimi', 'Jimm', 'Jimmie', 'Jimmy', 'Jimut', 'Ji', 'Jinabhadr', 'Jinadath', 'Jinadev', 'Jinendr', 'Jishnu', 'Jitamitr', 'Jitendr', 'Jiti', 'Jival', 'Jiv', 'Jiv', 'Jivi', 'Jivitesh', 'Jivo', 'Jivraj', 'Jnhih', 'Jnyandee', 'Jnyaneshwar', 'Joakim', 'Job', 'Job', 'Joe', 'Joel', 'Joey', 'Jogesh', 'Joginder', 'Jogindr', 'Jograj', 'Joh', 'Joh', 'Johnath', 'Joh', 'Johnnath', 'Johnnatho', 'Johnso', 'Jollie', 'Jo', 'Jonah', 'Jo', 'Jonat', 'Jonath', 'Jonatt', 'Jonatth', 'Jo', 'Jonnat', 'Jonnath', 'Jonnatho', 'jony', 'Jord', 'Jord', 'Jorge', 'Jo', 'Josef', 'Joseff', 'Joseph', 'Josh', 'Joshu', 'Joshu', 'Joshuah', 'Josiah', 'Jossiah', 'Jossue', 'Jotham', 'Jov', 'Joydee', 'Joydev', 'Ju', 'Jubal', 'Jubi', 'Jud', 'Judah', 'Judd', 'Juddso', 'Jude', 'Judso', 'Jugal', 'Jugnu', 'Julie', 'Jullie', 'Julliu', 'Jumah', 'Junayd', 'Jusal', 'Justi', 'Justi', 'Justo', 'Juw', 'Juw', 'Jwalant', 'Jwalaprasad', 'Jwali', 'Jye', 'Jyesth', 'Jyotichandr', 'Jyotindr', 'Jyotiprakash', 'Jyotiranj', 'Jyotirdhar', 'Jyotirmay', 'Jyotirmoy', 'Kaade', 'Kaaliy', 'Kaamil', 'K', 'K', 'Kaarik', 'Kaartikey', 'Kaashinaath', 'Kabeer', 'Kabir', 'Kabo', 'Kadamb', 'Kadar', 'Kadde', 'Kadeem', 'Kadee', 'Kadeer', 'Kade', 'Kader', 'Kadi', 'Kadir', 'Kaditul', 'Kado', 'Kahil', 'Kahill', 'Kahlil', 'Kaido', 'Kaiide', 'Kail', 'Kailash', 'Kailashchandr', 'Kailashnath', 'Kaine', 'Kairav', 'Kaivaly', 'Kal', 'Kal-h', 'Kal', 'Kaladhar', 'Kalanath', 'Kalanath Krish', 'Kalanidhi', 'Kal', 'Kalapriy', 'Kalash', 'Kaleb', 'Kaleeb', 'Kaleechar', 'Kalem', 'Kalichar', 'Kalid', 'Kalid', 'Kalil', 'Kalimoh', 'Kaling', 'Kalipad', 'Kaliq', 'Kaliranj', 'Kalith', 'Kalki', 'Kalleb', 'Kallol', 'Kal', 'Kalpak', 'Kalpanath', 'Kalpesh', 'Kalpit', 'Kalt', 'Kalum', 'Kalvi', 'Kaly', 'Kamadev', 'Kamalaapati', 'Kamalaj', 'Kamalakar', 'Kamalaksh', 'Kamalanay', 'Kamalbandhu', 'Kamalesh', 'Kamalkant', 'Kamalnath', 'Kamalnay', 'Kamat', 'Kamboj', 'Kameel', 'Kamesh', 'Kamik', 'Kamil', 'Kami', 'Kamlesh', 'Kammero', 'Kamod', 'Kamraj', 'Kamr', 'Kamsantak', 'Kamukh', 'K', 'K', 'Kanad', 'Kanaiy', 'Kanak', 'Kanal', 'Kanav', 'Kand', 'Kandar', 'Kandar', 'Kanh', 'Kanhaiy', 'Kanish', 'Kanishk', 'Kanisht', 'Kanj', 'Kantilal', 'Kantimoy', 'Kanu', 'Kanv', 'Kanvar', 'Kanwal', 'Kanwaljeet', 'Kanwaljit', 'Kanwalkishore', 'Kapaali', 'Kapi', 'Kapidhwaj', 'Kapil', 'Kapil Dev', 'Kapilashwar', 'Kapindr', 'Kapirath', 'Kapish', 'Kapoor', 'Kar', 'Kardal', 'Kareef', 'Kareem', 'Karif', 'Karim', 'Karl', 'Karlto', 'Karm', 'Karmendr', 'Karmjit', 'Kar', 'Karnabhush', 'Karnajeet', 'Karnam', 'Karnik', 'Karpoor', 'Karso', 'Kartar', 'Kartik', 'Kartikey', 'Karunaanidhi', 'Karunakar', 'Karunamay', 'Karunashankar', 'Karunesh', 'Karuny', 'Kaschith', 'Kaseeb', 'Kaseem', 'Kashi', 'Kashif', 'Kashinath', 'Kashiprasad', 'Kashy', 'Kasib', 'Kasim', 'Kasish', 'Kassim', 'Kateb', 'Kathith', 'Katyay', 'Kauntey', 'Kausar', 'Kaushal', 'Kaushik', 'Kaustav', 'Kaustubh', 'Kautik', 'Kautily', 'Kaveesh', 'Kavel', 'Kavi', 'Kavi', 'Kavindr', 'Kavir', 'Kaviraj', 'Kavish', 'Kay', 'Kayosh', 'Kazeem', 'Kazim', 'Keato', 'Kedaar', 'Kedar', 'Kedarnath', 'Kedem', 'Kedric', 'Kedrick', 'Kee', 'Keene', 'Keeo', 'Keert', 'Keerthinath', 'Keeshaw', 'Keev', 'Keevi', 'Keeyo', 'Keifer', 'Keiffer', 'Keilah', 'Keldo', 'Kelso', 'Kelto', 'Kelvi', 'Kelwi', 'Kemal', 'Kem', 'Ke', 'Ke', 'Kendale', 'Kendrell', 'Ke', 'Kenndrick', 'Kenneth', 'Kenric', 'Kenrick', 'Kento', 'Kentrell', 'Kenward', 'Kerrick', 'Kervi', 'Kerwi', 'Keshav', 'Keshto', 'Kester', 'Kestrel', 'Ketak', 'Ket', 'Ketu', 'Ketubh', 'Kev', 'Keval', 'Kevalkishore', 'Kevalkumar', 'Kevi', 'Kewal', 'Key', 'Keyo', 'Keyur', 'Kh', 'Khaalid', 'Khagendr', 'Khagesh', 'Khair al Di', 'Khair Udee', 'Khairy', 'Khajit', 'Khaldoo', 'Khaldu', 'Khaled', 'Khaleel', 'Khalid', 'Khalif', 'Khalil', 'Khalill', 'Khallid', 'Khallil', 'Kharanshu', 'Khatib', 'Khayree', 'Khayri', 'Khemchand', 'Khemprakash', 'Khoury', 'Khushal', 'Khushwant', 'Khuzaymah', 'Ki', 'Kidd', 'Kiefer', 'Kieffer', 'Kiero', 'Kierro', 'Kiing', 'Kimball', 'Kindam', 'Kingsley', 'Kingsto', 'Kinshuk', 'Kint', 'Ki', 'Kiraat', 'Kiranmay', 'Kirat', 'Kiratidev', 'Kirav', 'Kirby', 'Kireet', 'Kireeti', 'Kirik', 'Kiri', 'Kirit', 'Kiritmani', 'Kirkley', 'Kirkli', 'Kirt', 'Kirtibhush', 'Kirtikumar', 'Kirti', 'Kirtivallabh', 'Kirto', 'Kish', 'Kishor', 'Kishore', 'Kishorekumar', 'Kivar', 'Klay', 'Klayto', 'Knox', 'Kobby', 'Kobe', 'Kodey', 'Kodi', 'Kodie', 'Kody', 'Kohl', 'Kolby', 'Kole', 'Kolem', 'Koli', 'Kolli', 'Kolt', 'Kolte', 'Kolti', 'Kolto', 'Kolty', 'Konrad', 'Korbi', 'Kordell', 'Korrey', 'Koshi', 'Kothandaram', 'Kotijit', 'Koty', 'Koundiny', 'Koury', 'Kovid', 'Kovidh', 'Kraanti', 'Kraig', 'Kramer', 'Kriday', 'Kri', 'Kripal', 'Kripanidhi', 'Kripasagar', 'Krish', 'Krish', 'Krishang', 'Krishanu', 'Krishnachandr', 'Krishnadev', 'Krishnakant', 'Krishnakumar', 'Krishnal', 'Krishnamurari', 'Krishnamurthy', 'Krishnaroo', 'Krishnaveer', 'Krishnendu', 'Krisstopher', 'Kristoffer', 'Kristopher', 'Kritanu', 'Krithik', 'Kritik', 'Kritim', 'Krivi', 'Krunal', 'Krupal', 'Kshantu', 'Kshaunish', 'Kshemendr', 'Kshiraj', 'Kshiri', 'Kshitidhar', 'Kshitij', 'Kshrugal', 'Kuber', 'Kuberchand', 'Kularanj', 'Kulbhoosh', 'Kulbhush', 'Kuldee', 'Kuldev', 'Kulik', 'Kulli', 'Kully', 'Kulvir', 'Kumar', 'Kumaresh', 'Kumudavalli', 'Kumudesh', 'Kumush', 'Kunaal', 'Kunal', 'Kund', 'Kundanlal', 'Kundir', 'Kunj', 'Kunjabihari', 'Kunsh', 'Kunshi', 'Kunwar', 'Kuper', 'Kusagr', 'Kush', 'Kushad', 'Kushal', 'Kushanu', 'Kusumakar', 'Kusumesh', 'Kuval', 'Kuvam', 'Kuvar', 'Kvanh', 'Kylar', 'Kyle', 'Kyler', 'Kyller', 'Kylor', 'Laabh', 'Laalamani', 'Laavany', 'Labeeb', 'Labh', 'Labib', 'Ladd', 'Lag', 'Lahar', 'Laidley', 'Lai', 'Laith', 'Lake', 'Lakh', 'Laksh', 'Laksh', 'Lakshany', 'Lakshi', 'Lakshm', 'Lakshmibant', 'Lakshmidhar', 'Lakshmigopal', 'Lakshmikant', 'Lakshmikant', 'Lakshminaray', 'Lakshmipati', 'Lakshmiram', 'Lakshy', 'Lalam', 'Lal', 'Lalchand', 'chandr', 'Lalit', 'Lalitadity', 'Lalitchandr', 'Lalitesh', 'Lalitkishore', 'Lalitkumar', 'Lalitloch', 'Lalitmoh', 'Lamaar', 'Lam', 'Lamarcu', 'Lambodar', 'Lambodhar', 'Land', 'Landdo', 'Lande', 'Lande', 'Landi', 'Lando', 'Lando', 'Landry', 'Lane', 'Langsto', 'Lanib', 'Lankesh', 'L', 'Lanndo', 'Lanney', 'Larraj', 'Lar', 'Latif', 'Latimer', 'Lav', 'Lav', 'Lavitr', 'Lawley', 'Lawry', 'Lawso', 'Lawto', 'Laxm', 'Layak', 'Layne', 'Layto', 'Lazare', 'Lazaro', 'Lazaru', 'Lazzaro', 'Leandro', 'Lee', 'Leeo', 'Leeo', 'Leeroy', 'Leevi', 'Leevo', 'Lekh', 'Lemuel', 'Leo', 'Leonel', 'Leonell', 'Leopoldo', 'Levi', 'Levii', 'Lew', 'Lewi', 'Lex', 'Liamm', 'Liiam', 'Liladhar', 'Linc', 'Lincol', 'Linde', 'Lindley', 'Lindo', 'Linto', 'Lionell', 'Lissandro', 'Lister', 'Litto', 'Lleyto', 'Lochl', 'Locke', 'Logg', 'Lohendr', 'Lohit', 'Lohitaksh', 'Lohitaksh', 'Lohitashw', 'Lohith', 'Lokajit', 'Lokakriti', 'Lokanetr', 'Lokapujy', 'Lokbhush', 'Lokesh', 'Loknaath', 'Loknath', 'Lokpradee', 'Lokprakash', 'Lokranj', 'Lomash', 'Long', 'Loro', 'Lorrenzo', 'Lorry', 'Louk', 'Louvai', 'Lovell', 'Lowell', 'Loyal', "Lu'ay", 'Luc', 'Luc', 'Lucc', 'Lucciano', 'Luciano', 'Luke', 'Lukesh', 'Lukk', 'Lukk', 'Luqm', 'Luqm', 'Lutfi', 'Luuk', 'Luv', 'Luvy', 'Lym', 'Lyndal', 'Lynde', 'Lyndo', "Ma'awiy", "Ma'd", "Ma'mu", "Ma'", 'Maadhav', 'Maagh', 'Maahir', 'Maalav', 'Maalik', 'Maalol', 'M', 'Maanav', 'Maandhat', 'Maazi', 'Mad', 'Mad', 'Madanapal', 'Madangopal', 'Madanmoh', 'Maderu', 'Madesh', 'Madhav', 'Madhav', 'Madhavd', 'Madhub', 'Madhuchand', 'Madhuk', 'Madhukant', 'Madhukant', 'Madhukar', 'Madhumay', 'Madhu', 'Madhur', 'Madhusood', 'Madhusud', 'Madi', 'Madur', 'Magadh', 'Mag', 'Mahaadev', 'Mahaaveer', 'Mahabahu', 'Mahabal', 'Mahadev', 'Mahaj', 'Mahakay', 'Mahaketu', 'Mahakram', 'Mahamani', 'Mahamati', 'Mahanidhi', 'Mahaniy', 'Mahant', 'Mahanth', 'Mahapadmanand', 'Mahapurush', 'Maharanth', 'Maharath', 'Maharshi', 'Maharth', 'Mahasvi', 'Mahatru', 'Mahavir', 'Mahdi', 'Mahdy', 'Maheepati', 'Mahendr', 'Mahesh', 'Maheshwar', 'Mahi', 'Mahijith', 'Mahi', 'Mahindr', 'Mahi', 'Mahipal', 'Mahipati', 'Mahir', 'Mahish', 'Mahit', 'Mahith', 'Mahmood', 'Mahmoud', 'Mahmud', 'Maimu', 'Mainak', 'Mairav', 'Maitrey', 'Majd', 'Majd Udee', 'Majdi', 'Majdy', 'Majed', 'Majid', 'Majid al Di', 'Mak', 'Makarand', 'Makee', 'Makhesh', 'Maki', 'Makrand', 'Makul', 'Makur', 'Malachi', 'Malakii', 'Malank', 'Malay', 'Malay', 'Malcom', 'Malde', 'Malhar', 'Maliik', 'Malik', 'Malikk', 'Mallaki', 'Mallesh', 'Mallik', 'Mallikarju', 'Maloney', 'Mamdouh', 'Mamnoo', 'Mamo', 'Mamoo', 'Mamraj', 'Manajith', 'M', 'M', 'Manasseh', 'Manasyu', 'Manav', 'Manavendr', 'Mandaar', 'Mandakrant', 'Mand', 'Mandar', 'Mandee', 'Mandhatri', 'Mandi', 'Mandir', 'Mandith', 'Maneendr', 'Maneesh', 'Maneet', 'Manendr', 'Mangal', 'Mangesh', 'Manhar', 'Mani', 'Manibhush', 'Manidhar', 'Manik', 'Manikaant', 'Manikand', 'Manindr', 'Maniram', 'Manish', 'Manishankar', 'Manit', 'Manith', 'Manjeet', 'Manjughosh', 'Manjul', 'Manjyot', 'Manley', 'Manmath', 'Manmeet', 'Manmoh', 'M', 'Mannath', 'Manning', 'Mannith', 'Manohar', 'Manoj', 'Manojavay', 'Manomay', 'Manonith', 'Manoranj', 'Manorath', 'Manoth', 'Manprasad', 'Mansel', 'Mansoor', 'Mansour', 'Mansukh', 'Mansur', 'Manth', 'Manth', 'Manto', 'Mantram', 'Manu', 'Manuel', 'Manuj', 'Manuraj', 'Manvendr', 'Manvir', 'Manyu', 'Maraal', 'Marcelino', 'Marcellino', 'Marcellu', 'Marcelo', 'Marcu', 'Marcu', 'Mardav', 'Marde', 'Mareechi', 'Mariano', 'Marichi', 'Marid', 'Mark', 'Markanday', 'Markandey', 'Markham', 'Markk', 'Markku', 'Marko', 'Marku', 'Marley', 'Marli', 'Marlo', 'Marlow', 'Marqui', 'Marrio', 'Marrk', 'Marsde', 'Marsh', 'Marsto', 'Martand', 'Martand', 'Martel', 'Martell', 'Marudev', 'Marut', 'Maruti', 'Marv', 'Marvi', 'Marw', 'Marzouq', 'Marzuq', "Mas'ud", "Mash'al", 'Maso', 'Masoud', 'Massey', 'Massimo', 'Masso', 'Masud', 'Mat', 'Matang', 'Matee', 'Mateo', 'Mather', 'Matheu', 'Mathew', 'Matheysh', 'Mathhew', 'Mathi', 'Mathieu', 'Mati', 'Mati', 'Matsendr', 'Matsyendr', 'Matt', 'Mattee', 'Matte', 'Matteo', 'Matthi', 'Matthieu', 'Matti', 'Mattthew', 'Maulik', 'Maximili', 'Maximilli', 'Maxxim', 'Maxximu', 'Maxy', 'May', 'Mayank', 'Mayank', 'Maye', 'Mayhew', 'Maynard', 'Maynor', 'Mayo', 'Maysarah', 'Mayukh', 'Mayur', 'Mazi', 'Mead', 'Medh', 'Medhansh', 'Medric', 'Meenakshi', 'Meer', 'Meet', 'Megh', 'Megh-naad', 'Meghaj', 'Meghashyam', 'Meghdutt', 'Meghnad', 'Meghraj', 'Meh', 'Mehal', 'Meherdad', 'Mehtab', 'Mehul', 'Mel', 'Meldo', 'Meldrick', 'Melvi', 'Menachem', 'Mendel', 'Mercer', 'Merivale', 'Merli', 'Meru', 'Micchael', 'Michaael', 'Michaeel', 'Michael', 'Mickel', 'Mihir', 'Mihirkir', 'Miichael', 'Mikee', 'Mikesh', 'Mikhail', 'Mikul', 'Mil', 'Miland', 'Mil', 'Milbur', 'Milind', 'Milit', 'Mill', 'Miller', 'Mill', 'Milt', 'Milto', 'Minal', 'Miner', 'Minesh', 'Minto', 'Misal', 'Misbaah', 'Misbah', 'Mishael', 'Misri', 'Mitaksh', 'Mitali', 'Mitansh', 'Mitch', 'Mitchel', 'Mitchell', 'Mite', 'Mitesh', 'Mith', 'Mithil', 'Mithil', 'Mithilesh', 'Mithr', 'Mithu', 'Mitr', 'Mitrajit', 'Mitul', 'Moazzem', 'Modak', 'Modal', 'Moe', 'Moh', 'Mohajit', 'Mohak', 'Mohal', 'Mohamad', 'Mohamed', 'Mohammed', 'Moh', 'Mohi', 'Mohit', 'Mohnish', 'Mohul', 'Moisse', 'Moksh', 'Moksh', 'Monish', 'Montee', 'Montel', 'Montell', 'Monty', 'Moorti', 'Moo', 'Mordechai', 'Morley', 'Morse', 'Morto', 'Mosse', 'Mostaf', 'Moti', 'Motilal', 'Moulik', 'Moustaf', 'Moustaph', 'Mridul', 'Mrig', 'Mrigaj', 'Mrigaloch', 'Mrigank', 'Mrigank', 'Mrigankamouli', 'Mrigankasekhar', 'Mrigasy', 'Mrigendr', 'Mrigesh', 'Mrinaal', 'Mrinal', 'Mrinank', 'Mrinendr', 'Mritunjay', 'Mrityunjay', 'Mrudu', 'Mrugh', 'Mruthyunjey', "Mu'adh", "Mu'awiyah", "Mu'ayyad", "Mu'tasim", "Mu'tazz", 'Muaath', 'Muayid', 'Mubarak', 'Mudgal', 'Mudil', 'Mudit', 'Mudit', 'Mufeed', 'Mufid', 'Muhammad', 'Muhammed', 'Muhanad', 'Muhannad', 'Muhanned', 'Muhsi', 'Muhtadi', 'Muhtady', 'Mujaahid', 'Mujahid', 'Mukesh', 'Mukhtaar', 'Mukhtar', 'Muktanand', 'Muktar', 'Mukul', 'Mukund', 'Mukund', 'Mukut', 'Mulkraj', 'Mundhir', 'Muneendr', 'Muneer', 'Muni', 'Munir', 'Munish', 'Muntasir', 'Munthir', 'Muraaree', 'Murad', 'Muralee', 'Murali', 'Muralidhar', 'Muralimanohar', 'Murari', 'Murarilal', 'Murgesh', 'Murli', 'Murtadhy', 'Murtadi', 'Murthy', 'Murug', "Mus'ad", 'Mu', 'Musad', 'Muslim', 'Mustaf', 'Mustaf', 'Mustaph', 'Mustaq', 'Mut', 'Mut', 'Mutasim', 'Mutazz', 'Mutee', 'Muti', 'Muwafaq', 'Muwaffaq', 'Myer', "Naa'il", 'Naabhi', 'Naadir', 'Naag', 'Naag-raaj', 'Naagarju', 'Naagdhar', 'Naagendr', 'Naagesh', 'Naagpal', 'Naagpati', 'Naajy', 'Naakesh', 'Naam', 'Naamdev', 'Naanak', 'Naaraay', 'Naarad', 'Naasih', 'Naasir', 'Naathim', 'Nabeeh', 'Nabeel', 'Nabendu', 'Nabh', 'Nabhanyu', 'Nabhendu', 'Nabhi', 'Nabhij', 'Nabhith', 'Nabhoj', 'Nabhomani', 'Nabhy', 'Nabih', 'Nabil', 'Nachik', 'Nachiket', 'Nachiket', 'Nachmanke', 'Nachum', 'Nadav', 'Nadeem', 'Nadee', 'Nadeesh', 'Nadhir', 'Nadim', 'Nadir', 'Nadish', 'Naeem', 'Nagari', 'Nagarju', 'Nagdhar', 'Nagendr', 'Nagesh', 'Nageshwar', 'Naggar', 'Nagpal', 'Nahid', 'Nahum', 'Nahush', 'Nahush', "Naif Na'il", 'Naim', 'Naimish', 'Nairit', 'Naishadh', 'Najeeb', 'Naji', 'Najib', 'Najjar', 'Najji', 'Najm al Di', 'Najm Udee', 'Nakhraj', 'Nakir', 'Naksatraraj', 'Nakshatr', 'Nakul', 'Nal', 'Nalesh', 'Nali', 'Nalinaksh', 'Nalinaksh', 'Nalinikant', 'Nam', 'Namasyu', 'Nambi', 'Namdev', 'Namish', 'Namit', 'Nanak', 'Nand', 'Nand-kishore', 'Nand-nand', 'Nandak', 'Nandakishor', 'Nandakumar', 'Nand', 'Nandi', 'Nandi', 'Nandish', 'Nandlaal', 'Naotau', 'Narad', 'Narahari', 'Narasimh', 'Naray', 'Naray', 'Naray', 'Narendr', 'Narendranath', 'Naresh', 'Narhari', 'Narinder', 'Narmad', 'Narottam', 'Narsi', 'Narsimh', 'Nart', 'Nart', 'Naru', 'Naru', 'Naseem', 'Nashir', 'Nasih', 'Nasiir', 'Nasim', 'Nasir', 'Nasir al Di', 'Nasser', 'Nasser Udee', 'Nassir', 'Nat', 'Nate', 'Natesh', 'Nateshwar', 'Nath', 'Nathanial', 'Nathaniel', 'Nathaniell', 'Nath', 'Natheer', 'Nathe', 'Natraj', 'Natth', 'Natwar', 'Naubahar', 'Nauhar', 'Nauk', 'Navaj', 'Navakanth', 'Naval', 'Naval', 'Navaneet', 'Navashe', 'Navee', 'Navendu', 'Navi', 'Navinchandr', 'Navnit', 'Navrang', 'Navrat', 'Navroz', 'Navtej', 'Nawalkishor', 'Nawfal', 'Nayak', 'Nay', 'Nayath', 'Nayef', 'Nayland', 'Nazeeh', 'Nazeem', 'Nazih', 'Nazim', 'Ned', 'Neel', 'Neelabh', 'Neeladri', 'Neelamani', 'Neelambar', 'Neelambuj', 'Neelanchal', 'Neelanj', 'Neelesh', 'Neelgreev', 'Neelkamal', 'Neelkant', 'Neelkanth', 'Neelmadhav', 'Neelotpal', 'Neerad', 'Neeraj', 'Neerav', 'Neesh', 'Neev', 'Nehemiah', 'Neil', 'Neill', 'Nelso', 'Neo', 'Nesbit', 'Nestor', 'Nevi', 'Newell', 'Newto', 'Nibodh', 'Niccol', 'Nichol', 'Nichole', 'Nicholl', 'Nichol', 'Nicholso', 'Nick', 'Nicol', 'Nicoll', 'Nidhish', 'Nigam', 'Nigell', 'Nihaar', 'Nihal', 'Nihar', 'Nikash', 'Niket', 'Niket', 'Nikhat', 'Nikhil', 'Nikhilesh', 'Nikkolai', 'Nikolai', 'Nikshay', 'Nikul', 'Nikunj', 'Nikunj', 'Nilabh', 'Nilax', 'Nilay', 'Nilesh', 'Nimai', 'Nimesh', 'Nimish', 'Nimrod', 'Ninad', 'Nipu', 'Nir', 'Niraamay', 'Nirad', 'Niraj', 'Nirajit', 'Niramay', 'Niramitr', 'Niranj', 'Nirankar', 'Nirav', 'Nirbhay', 'Nirbhik', 'Nirdhar', 'Nirek', 'Nirel', 'Nirijhar', 'Nirish', 'Nirmal', 'Nirmaly', 'Nirmanyu', 'Nirmay', 'Nirmit', 'Nirmohi', 'Nirupam', 'Nirv', 'Nisarg', 'Nischal', 'Nischith', 'Nish', 'Nishad', 'Nishakant', 'Nishakar', 'Nishanath', 'Nishant', 'Nishar', 'Nishat', 'Nishchal', 'Nishesh', 'Nishikaant', 'Nishikant', 'Nishikant', 'Nishikar', 'Nishil', 'Nishinath', 'Nishipal', 'Nishipati', 'Nishit', 'Nishith', 'Nishkam', 'Nishkarsh', 'Nishok', 'Nissim', 'Nisyaanth', 'Niteesh', 'Nitesh', 'Nithik', 'Nithi', 'Niti', 'Nitish', 'Nitya-sundar', 'Nityagopal', 'Nityanand', 'Nityanand', 'Nityant', 'Nived', 'Nivrutti', 'Nixo', 'Niyath', 'Noadiah', 'Noah', 'Noahh', 'Noam', 'Noll', 'Nooh', 'Noor Udee', 'Noori', 'Norberto', 'Norto', 'Norvi', 'Norward', 'Nridev', 'Nri', 'Nri', 'Nripendr', 'Nripesh', 'Nrupadh', "Nu'm", 'Nuh', 'Numair', 'Nur al Di', 'Nuri', 'Nyle', 'Oachim', 'Oakley', 'Obadiah', 'Obalesh', 'Obed', 'Octavi', 'Oded', 'Ogde', 'Oh', 'Oh', 'Oj', 'Ojayit', 'Olaf', 'Ole', 'Oli', 'Ollie', 'Olliver', 'Olse', 'Olso', 'Om', 'Om', 'Omair', 'Omanand', 'Omar', 'Omar', 'Omarjeet', 'Omarr', 'Omeir', 'Ome', 'Omesh', 'Omeshwar', 'Omi', 'Omj', 'Omkar', 'Omkarnath', 'Ommar', 'Ompati', 'Omprakash', 'Omr', 'Omrao', 'Omswaroo', 'Oni', 'Onkar', 'Oojam', 'Oorjit', 'Ophir', 'Or', 'Orio', 'Orlondo', 'Ormond', 'Orr', 'Orre', 'Orrick', 'Orri', 'Orto', 'Orval', 'Orvi', 'Osam', 'Osaze', 'Osbaldo', 'Osbert', 'Osbor', 'Osborne', 'Osmar', 'Osmond', 'Osric', 'Ossam', 'Oswald', 'Oswaldo', 'Oswi', 'Ottakooth', 'Owe', 'Oxley', 'Oxto', 'Oz', 'Ozzie', 'Ozzy', 'Paandu', 'Paandurang', 'Paaninee', 'Paarbrahm', 'Paarth', 'Paarthiv', 'Paavak', 'Paav', 'Pace', 'Pacey', 'Padam', 'Pade', 'Padmabandhu', 'Padmadhar', 'Padmahast', 'Padmaj', 'Padmakant', 'Padmakar', 'Padmal', 'Padmaloch', 'Padm', 'Padmanabh', 'Padmanabh', 'Padmapani', 'Padmapati', 'Padmayani', 'Padmesh', 'Padminish', 'Pahal', 'Pakhi', 'Paksh', 'Pakshi', 'Palak', 'Palash', 'Palashkusum', 'Palashranj', 'Pali', 'Pallab', 'Pallav', 'Palmer', 'Palti', 'Panav', 'Panch', 'Panchaj', 'Panchal', 'Panchavaktr', 'Pandhari', 'Pandit', 'Pandurang', 'Pandy', 'Pankaj', 'Pankajaloch', 'Pankaj', 'Pankajeet', 'Pann-gesh', 'P', 'Pannalal', 'Panshul', 'Paraag', 'Paraashar', 'Parag', 'Parakram', 'Param', 'Param-h', 'Paramanand', 'Paramarth', 'Paramesh', 'Parameshwar', 'Paramh', 'Paramjeet', 'Paramjit', 'Par', 'Paranjay', 'Parant', 'Par', 'Parashar', 'Parashuraam', 'Parashuram', 'Parasmani', 'Parasme', 'Paratpar', 'Paravasu', 'Paree', 'Paresh', 'Paresh', 'Parighosh', 'Parijat', 'Pariket', 'Parikshit', 'Parimal', 'Parindr', 'Parish', 'Paritosh', 'Parker', 'Parki', 'Parmaarth', 'Parmanand', 'Parmeet', 'Parmesh', 'Parnad', 'Parnal', 'Parnik', 'Parth', 'Parth', 'Parthapratim', 'Parthasarathi', 'Parthiv', 'Parvat', 'Parvateshwar', 'Parvatinand', 'Parvesh', 'Parwez', 'Pash', 'Pashunath', 'Pashupati', 'Pat', 'Patag', 'Pataki', 'Patanjali', 'Pathik', 'Pathi', 'Patoj', 'Patr', 'Patralik', 'Patrick', 'Patto', 'Pattrick', 'Paul', 'Paull', 'Paurav', 'Pavak', 'Paval', 'Pav', 'Pavanaj', 'Pavankumar', 'Pavanputr', 'Pavansut', 'Pavel', 'Pavitr', 'Paw', 'Pay', 'Payde', 'Payod', 'Payto', 'Pearce', 'Peer', 'Peetambar', 'Peeyush', 'Pehlaj', 'Peirce', 'Pelham', 'Pell', 'Pelto', 'Pendle', 'Penley', 'Perki', 'Perry', 'Perumal', 'Pete', 'Peter', 'Peterso', 'Petey', 'Peto', 'Petro', 'Petter', 'Peyto', 'Phalak', 'Phalgu', 'Phani', 'Phanibhu', 'Phaninath', 'Phanindr', 'Phanindranath', 'Phanishwar', 'Phel', 'Phenil', 'Phil', 'Phili', 'Phili', 'Phill', 'Philli', 'Philome', 'Phine', 'Phoolendu', 'Picto', 'Pierce', 'Pier', 'Pierso', 'Piki', 'Pinak', 'Pinaki', 'Pinaki', 'Pingal', 'Pitambar', 'Pitney', 'Pitt', 'Piu', 'Piyali', 'Piyush', 'Pollock', 'Poojit', 'Poonish', 'Poor', 'Poornachandr', 'Poornanand', 'Poorv', 'Poorvaj', 'Powell', 'Prabal', 'Prabhakar', 'Prabhanj', 'Prabh', 'Prabhat', 'Prabhav', 'Prabhave', 'Prabhu', 'Prabir', 'Prabodh', 'Prabodh', 'Prabuddh', 'Prachet', 'Prachet', 'Prachet', 'Prachur', 'Pradarsh', 'Pradee', 'Pradhi', 'Pradnesh', 'Pradosh', 'Pradyot', 'Pradyum', 'Pradyu', 'Praful', 'Prafull', 'Pragny', 'Pragu', 'Prahalad', 'Prahallad', 'Prahlad', 'Prajapati', 'Prajeet', 'Prajesh', 'Praji', 'Prajit', 'Prajval', 'Prajval', 'Prakash', 'Prakat', 'Praket', 'Prakhar', 'Prakrit', 'Prakul', 'Pralay', 'Pramath', 'Pramesh', 'Pramit', 'Pramod', 'Pramod', 'Pramsu', 'Pramukh', 'Pr', 'Pr', 'Pranad', 'Pranav', 'Pranav', 'Pranay', 'Praneel', 'Praneet', 'Praneeth', 'Pranesh', 'Pranet', 'Praney', 'Pranit', 'Pranjal', 'Pranjiv', 'Prannath', 'Pranshu', 'Pransu', 'Pransukh', 'Prasad', 'Pr', 'Prasat', 'Prasenjit', 'Prasham', 'Prash', 'Prashant', 'Prashant', 'Prashanth', 'Prashray', 'Prasiddhi', 'Prasoo', 'Prasu', 'Prat', 'Prateek', 'Pratee', 'Prateet', 'Pratham', 'Prathamesh', 'Prathmesh', 'Pratik', 'Pratiti', 'Pratosh', 'Pratul', 'Pratyush', 'Praval', 'Prav', 'Pravar', 'Pravee', 'Praveer', 'Praver', 'Pravi', 'Pravir', 'Pravit', 'Prayaag', 'Prayag', 'Preetam', 'Preetidutt', 'Preetish', 'Preetiwardh', 'Prem', 'Premal', 'Premanand', 'Premendr', 'Prentice', 'Prerit', 'Presto', 'Pretv', 'Pribhakt', 'Priest', 'Pri', 'Princeto', 'Prineet', 'Prinit', 'Pritam', 'Pritesh', 'Prithish', 'Prithu', 'Prithvee', 'Prithvi', 'Prithvijaj', 'Prithviraj', 'Pritish', 'Privrat', 'Priyaank', 'Priyadarsh', 'Priyadarshi', 'Priyak', 'Priyanshu', 'Priyanvad', 'Priyaranj', 'Priyesh', 'Pruthivi', 'Puj', 'Pukhraj', 'Pulak', 'Pulakesh', 'Pulasty', 'Puli', 'Pulkit', 'Pundalik', 'Pundarik', 'Puneet', 'Punit', 'Purah', 'Purajit', 'Pur', 'Purandar', 'Puranjay', 'Purav', 'Purnanad', 'Purnendu', 'Purohit', 'Puru', 'Purujit', 'Purumitr', 'Pururav', 'Purushottam', 'Pu', 'Pushkal', 'Pushkar', 'Push', 'Pushp-mitr', 'Pushpad', 'Pushpaj', 'Pushpak', 'Pushpakar', 'Pushpaketu', 'Pushpesh', 'Puskar', 'Pyarelal', 'Pyaremoh', 'Qadir', 'Qasim', 'Qatadah', 'Qay', 'Quamar', 'Quasim', 'Qudamah', 'Quill', 'Quinncy', 'Quinnti', 'Quinnto', 'Quint', 'Quinte', 'Quintu', 'Qutaib', 'Qutaybah', "Ra'ed", "Ra'id", 'Raahi', 'Raahim', 'Raahul', 'Raaj', 'Raajeev', 'Raajeevaloch', 'Raajyashree', 'Raak', 'Raakesh', 'Raaki', 'Raam', 'Raam-datt', 'Raamaanuj', 'Raamiz', 'R', 'Raatib', 'Rabah', 'Rabee', 'Rabi', 'Race', 'Rachit', 'Rachvik', 'Radhak', 'Radhakant', 'Radhakrish', 'Radhatanay', 'Radhavallabh', 'Radhesh', 'Radheshyam', 'Radhey', 'Radhey', 'Radley', 'Radnor', 'Radw', 'Rafe', 'Rafee', 'Rafee', 'Rafeek', 'Raffael', 'Raffi', 'Raffy', 'Rafi', 'Rafiq', 'Raghav', 'Raghavendr', 'Raghbir', 'Ragheb', 'Raghib', 'Raghotham', 'Raghu', 'Raghukumar', 'Raghunand', 'Raghunath', 'Raghupati', 'Raghuveer', 'Raghuvir', 'Ragi', 'Rah', 'Raheam', 'Raheel', 'Raheim', 'Rahiem', 'Rahil', 'Rahim', 'Rahm', 'Rahul', 'Raine', 'Rai', 'Raivat', 'Raivath', 'Raj', 'Raj', 'Rajab', 'Rajak', 'Raj', 'Rajaneesh', 'Rajanikant', 'Rajanikant', 'Rajany', 'Rajarshi', 'Raj', 'Rajat', 'Rajat', 'Rajatanabhi', 'Rajatshubhr', 'Rajdee', 'Rajeev', 'Rajeevaloch', 'Rajendr', 'Rajendrakumar', 'Rajendramoh', 'Rajesh', 'Rajh', 'Rajinipati', 'Rajit', 'Rajiv', 'Rajkumar', 'Rajnish', 'Rajrishi', 'Raju', 'Rajul', 'Rajvardh', 'Rajveer', 'Rajyeshwar', 'Rakesh', 'Rakib', 'Raki', 'Raksh', 'Raktakamal', 'Ralph', 'Ralphie', 'Ralsto', 'Ram', 'Ramadee', 'Ramadhut', 'Ramadut', 'Ramakaant', 'Ramakant', 'Ramakrish', 'Ram', 'Ramanand', 'Ramanjit', 'Ramanuj', 'Ramanuj', 'Ramashray', 'Ramavatar', 'Ramchandr', 'Ramd', 'Rameez', 'Ramesh', 'Rameshwar', 'Ramgopal', 'Ramkishore', 'Ramkrish', 'Ramkumar', 'Rammoh', 'Rammy', 'Ramnath', 'Ramoji', 'Ramprasad', 'Ramprat', 'Ramr', 'Ramrat', 'Ramsey', 'Ramswaroo', 'Ramu', 'Ramy', 'Ranadev', 'Ranajay', 'Ranajit', 'Ranak', 'Rand', 'Randal', 'Randall', 'Randell', 'Randhir', 'Randy', 'Rane', 'Ranesh', 'Rang', 'Ranganath', 'Rangith', 'Ranj', 'Ranjay', 'Ranjeet', 'Ranjit', 'Ranjiv', 'Ranki', 'Ranndy', 'Ransley', 'Ransom', 'Rantidev', 'Ranveer', 'Raphael', 'Raqib', 'Rasaraj', 'Rasbihari', 'Rasesh', 'Rashaad', 'Rashad', 'Rashadd', 'Rashid', 'Rashmi', 'Rashmil', 'Rasik', 'Rasmaru', 'R', 'Rasul', 'Rasul aidil', 'Rat', 'Ratannabh', 'Rathik', 'Rathi', 'Ratib', 'Ratish', 'Ratnabhu', 'Ratnadee', 'Ratnakar', 'Ratnanidhi', 'Ratnesh', 'Ratul', 'Rauf', 'Ravalnath', 'Raveendr', 'Rave', 'Ravi', 'Ravid', 'Ravikanth', 'Ravikeerti', 'Ravikir', 'Ravinand', 'Ravindr', 'Ravindranath', 'Ravinshu', 'Ravish', 'Ravishar', 'Ravishu', 'Ravit', 'Ravo', 'Ravoof', 'Ravy', 'Rawdo', 'Ray', 'Ray', 'Rayce', 'Rayh', 'Rayirth', 'Raymo', 'Raymundo', 'Rebant', 'Red', 'Redley', 'Reg', 'Reggie', 'Regginald', 'Reh', 'Reh', 'Rehyaaz', 'Reinaldo', 'Remingto', 'Renaldo', 'Renato', 'Renaud', 'Renesh', 'Renfred', 'Renit', 'Renzo', 'Reube', 'Reuel', 'Revanth', 'Rex', 'Rexto', 'Rexx', 'Rey', 'Reyaansh', 'Reyansh', 'Riccardo', 'Ricco', 'Rich', 'Richard', 'Richardd', 'Rick', 'Ricker', 'Rickey', 'Rickie', 'Ricky', 'Rickyy', 'Rid', 'Riddhim', 'Riddhish', 'Ridge', 'Ridgeley', 'Ridh', 'Ridhw', 'Ridit', 'Ridley', 'Ridw', 'Rigby', 'Rigg', 'Rigved', 'Riju', 'Rijul', 'Rijwal', 'Rikhil', 'Riki', 'Rinesh', 'Ringo', 'Ripu', 'Ripudam', 'Rishab', 'Rishabh', 'Rish', 'Rishi', 'Rishik', 'Rishikesh', 'Rishit', 'Risho', 'Rishvanj', 'Risley', 'Risto', 'Ritchard', 'Ritchie', 'Ritesh', 'Rithik', 'Rithwik', 'Riti', 'Rituraaj', 'Rituraj', 'Ritvik', 'Riv', 'Riyad', 'Riyadh', 'Riyaz', 'Riyy', 'Rizvi', 'Ro', 'Rob', 'Robbert', 'Robbie', 'Robby', 'Robeert', 'Roberrt', 'Robert', 'Robert', 'Robertso', 'Robertt', 'Robinso', 'Rochak', 'Roch', 'Rochester', 'Rockley', 'Rod', 'Rodderick', 'Roddney', 'Roddrick', 'Roddy', 'Rode', 'Roderrick', 'Rodger', 'Roe', 'Roger', 'Roh', 'Rohak', 'Roh', 'Rohanlal', 'Rohiniram', 'Rohinish', 'Rohit', 'Rohitasv', 'Rohith', 'Rohtak', 'Rollie', 'Rolli', 'Rollo', 'Romeo', 'Romil', 'Romir', 'Ronak', 'Ronald', 'Ronaldo', 'Ronav', 'Roni', 'Ronit', 'Ronith', 'Ro', 'Ronnald', 'Ronsher', 'Roopak', 'Roper', 'Rorry', 'Rosh', 'Ro', 'Rover', 'Row', 'Rowell', 'Rowley', 'Rowso', 'Royce', 'Rubbe', 'Rube', 'Ruchir', 'Rudd', 'Rudr', 'Rudr', 'Rudrapriy', 'Rudresh', 'Rudy', 'Ruffu', 'Rugby', 'Ruh', 'Rujul', 'Rukm', 'Rukminesh', 'Rupak', 'Rupang', 'Rupendr', 'Rupesh', 'Rupeshwar', 'Rupi', 'Ru', 'Rushabh', 'Rusham', 'Rush', 'Rushang', 'Rusheek', 'Rushi', 'Rushil', 'Rushyashringav', 'Rustam', 'Rutajit', 'Rutesh', 'Ruthvik', 'Rutley', 'Rutujit', 'Rutv', 'Rutvij', 'Rwiju', 'Ry', 'Ry', 'Ry', 'Rye', 'Ryl', 'Ryland', 'Ryle', 'Ryy', "Sa'eed", "Sa'id", 'Saabir', 'Saad', 'Saadiq', 'Saagar', 'Saahir', 'Saaid', 'Saaj', 'Saajid', 'Saakaar', 'Saaketh', 'Saalih', 'Saalim', 'Saam', 'Saamir', 'Saanjh', 'Saar', 'Saariyah', 'Saataty', 'Saatvik', 'Sabal', 'Sabarinath', 'Sabasti', 'Sabbir', 'Sabeeh', 'Sabeer', 'Sabhy', 'Sabih', 'Sabir', 'Sabrang', 'Sacchidanand', 'Sachchit', 'Sachet', 'Sachet', 'Sachh', 'Sachiel', 'Sachi', 'Sachish', 'Sachit', 'Sachiv', 'Sadabindu', 'Sadanand', 'Sadaqat', 'Sadar', 'Sadashiv', 'Sadashiv', 'Sadavir', 'Saddam', 'Saddiq', 'Sadee', 'Sadeeq', 'Sadgu', 'Sadh', 'Sadhil', 'Sadik', 'Sadiq', 'Sadiv', 'Sadru', 'Saeed', 'Safal', 'Saffar', 'Safford', 'Safiy', 'Safw', 'Sag', 'Sagar', 'Sagardutt', 'Sage', 'Sagiv', 'Sagu', 'Sagu', 'Sahaj', 'Sahar', 'Saharsh', 'Sah', 'Sahasrad', 'Sahastrabahu', 'Sahastrajit', 'Sahasy', 'Sahat', 'Sahay', 'Sahay', 'Sahdev', 'Sahe', 'Sahib', 'Sahil', 'Sahir', 'Sahishnu', 'Sahit', 'Sai', 'Sai Satpurush', 'Saiamarty', 'Saichar', 'Said', 'Saidee', 'Saif', 'Saiid', 'Saij', 'Saijeevadhar', 'Saikalakal', 'SaiKalateet', 'Saikir', 'Sainath', 'Saipraasad', 'Saiprat', 'Sajaad', 'Sajad', 'Sajal', 'Saj', 'Sajid', 'Sajiv', 'Sajiv', 'Sajj', 'Saju', 'Sakaleshwar', 'Sakash', 'Saket', 'Saketh', 'Saketharam', 'Saksham', 'Sakshum', 'Salah', 'Salah al Di', 'Salah Udee', 'Salaj', 'Salarjung', 'Saleem', 'Saleh', 'Salem', 'Salih', 'Salil', 'Salim', 'Salim', 'Salm', 'Salokh', 'Salom', 'Salto', 'Sam', 'Samabashiv', 'Samaj', 'Samaj', 'Samanyu', 'Samarendr', 'Samarendu', 'Samarjit', 'Samar', 'Samarth', 'Samavart', 'Samay', 'Sambar', 'Sambh', 'Sambhav', 'Sambhddh', 'Sambit', 'Sambodh', 'Sambuddh', 'Samdarshi', 'Samee', 'Samee', 'Sameer', 'Sameeullah', 'Sameh', 'Same', 'Samendr', 'Samendu', 'Samesh', 'Samgram', 'Samhit', 'Sami', 'Samiir', 'Samik', 'Samil', 'Sami', 'Samir', 'Samir', 'Samit', 'Samividh', 'Sammad', 'Samm', 'Sammath', 'Sammuel', 'Sampad', 'Sampat', 'Sampath', 'Sampoor', 'Sampso', 'Samranpal', 'Samrat', 'Samrudh', 'Samskar', 'Samskar', 'Samso', 'Samudr', 'Samudragupt', 'Samudrase', 'Samuel', 'Samuell', 'Samvar', 'Samvath', 'Samyak', 'Sanaat', 'Sanabhi', 'Sanat', 'Sanat', 'Sanat', 'Sanbor', 'Sanchay', 'Sanchit', 'Sancho', 'Sandee', 'Sandee', 'Sandeepe', 'Sander', 'Sander', 'Sandesh', 'Sandi', 'Sandipani', 'Sandy', 'Sangupt', 'Sanhat', 'Sanjay', 'Sanjeet', 'Sanjeev', 'Sanjef', 'Sanjit', 'Sanjith', 'Sanjiv', 'Sanjiv', 'Sanjog', 'Sankal', 'Sankal', 'Sankar', 'Sankarsh', 'Sanket', 'Sankul', 'Sannath', 'Sannidhi', 'Sannigdh', 'Sanobar', 'Sanshray', 'Sansith', 'Sanskar', 'Sant', 'Santhosh', 'Santino', 'Santosh', 'Sanurag', 'Sanvit', 'Sanwariy', 'Sanyog', 'S', 'Saprath', 'Saptajit', 'Saptanshu', 'Saptarishi', 'Saqr', 'Saquib', 'Saral', 'Sar', 'Sarang', 'Saransh', 'Sar', 'Sarasi', 'Sarasij', 'Sarasvat', 'Sarat', 'Sarat', 'Sarav', 'Sarayu', 'Sarbajit', 'Sarbani', 'Sargam', 'Sari', 'Sarish', 'Sarit', 'Sarngi', 'Saroj', 'Saroji', 'Sarojkant', 'Sartaj', 'Sarthak', 'Saru', 'Sarv', 'Sarvad', 'Sarvadam', 'Sarvadev', 'Sarvadhari', 'Sarvag', 'Sarvagny', 'Sarvak', 'Sarvambh', 'Sarvang', 'Sarvapalak', 'Sarvashay', 'Sarvav', 'Sarvendr', 'Sarvesh', 'Sarveshvar', 'Sarvotham', 'Sarwar', 'Sashang', 'Sashanth', 'Sashreek', 'Sashwat', 'Sasi', 'Sasidhar', 'Sasmit', 'Sast', 'Satadev', 'Satamanyu', 'Satanand', 'Satayu', 'Sateendr', 'Satesh', 'Sathi', 'Sathindar', 'Sathwik', 'Sati', 'Satinath', 'Satindr', 'Satish', 'Satishchandr', 'Satkartar', 'Satpal', 'Satpati', 'Satrajit', 'Satrijit', 'Satruijt', 'Satvamoh', 'Satvat', 'Satveer', 'Satvik', 'Satvinder', 'Satwik', 'Saty', 'Satya Pramod', 'Satyadarshi', 'Satyadev', 'Satyajit', 'Satyak', 'Satyakaam', 'Satyakam', 'Satyaki', 'Satyam', 'Satyamurty', 'Satyanaray', 'Satyankar', 'Satyaprakash', 'Satyapriy', 'Satyasheel', 'Satyashraw', 'Satyav', 'Satyavache', 'Satyav', 'Satyavrat', 'Satye', 'Satyendr', 'Saubal', 'Saubhadr', 'Saud', 'Saudee', 'Saumit', 'Saumitr', 'Saumitr', 'Saumy', 'Saunak', 'Saurabh', 'Saurav', 'Saurjyesh', 'Sav', 'Savanth', 'Savar', 'Savio', 'Savir', 'Savit', 'Savitashri', 'Savitendr', 'Savith', 'Savy', 'Savya-saachee', 'Saw', 'Sawyer', 'Sax', 'Saxo', 'Sayam', 'Sayed', 'Sayesh', 'Sayf', 'Sayf Udee', 'Sayid', 'Sayooj', 'Sayuj', 'Sayyid', 'Scot', 'Scott', 'Scottie', 'Scotty', 'Searle', 'Sebasti', 'Sedgely', 'Seeley', 'Seemant', 'Seff', 'Seger', 'Seibert', 'Seif', 'Seif al Di', 'Sekhar', 'Sekhar', 'Selby', 'Selim', 'Selwy', 'Se', 'Senajit', 'Senthil', 'Serv', 'Seshadri', 'Seth', 'Setu', 'Sev', 'Sevak', 'Sever', 'Seward', 'Sewell', 'Seyed', 'Shaad', 'Shaady', 'Sh', 'Shaandily', 'Shaant', 'Shaarav', 'Shaardul', 'Shaashwat', 'Shaayal', 'Shabar', 'Shabeer-Ali', 'Shad', 'Shadab', 'Shadd', 'Shade', 'Shadi', 'Shael', 'Shafeeq', 'Shafi', 'Shafiq', 'Shagu', 'Shahalad', 'Shahid', 'Shahil', 'Shahnaaz', 'Shahnawaz', 'Shaik', 'Shail', 'Shaildhar', 'Shaile', 'Shailendr', 'Shailesh', 'Shakar', 'Shakeer', 'Shaker', 'Shakir', 'Shakti', 'Shaktidhar', 'Shakuni', 'Shakunt', 'Shakyasinh', 'Shalabh', 'Shalang', 'Shaligram', 'Shalik', 'Shali', 'Shali', 'Shaline', 'Shalmali', 'Shaly', 'Shamak', 'Shamakar', 'Shambhavi', 'Shambhu', 'Shameek', 'Shami', 'Shamik', 'Shamindr', 'Shamir', 'Shamit', 'Sham', 'Shamu', 'Shanay', 'Shandar', 'Shankar', 'Shankarsh', 'Shankdhar', 'Shankh', 'Shankhapani', 'Shankhi', 'Shankhi', 'Shankir', 'Shanmukh', 'Sh', 'Shant', 'Shantanav', 'Shantanu', 'Shantashil', 'Shantidev', 'Shantimay', 'Shantinath', 'Shantiprakash', 'Shanyu', 'Shaquit', 'Sharad', 'Sharadchandr', 'Sharadendu', 'Shar', 'Sharang', 'Sharat', 'Shardul', 'Shareef', 'Shari', 'Sharif', 'Sharu', 'Sharvarish', 'Shashank', 'Shashank', 'Shashee', 'Shashi', 'Shashibhush', 'Shashidhar', 'Shashikant', 'Shashikar', 'Shashikir', 'Shashimoh', 'Shashi', 'Shashipush', 'Shashish', 'Shashishekhar', 'Shashvat', 'Shashwat', 'Shat-manyu', 'Shat-padm', 'Shataaneek', 'Shataayu', 'Shatadru', 'Shataru', 'Shatjit', 'Shatrugh', 'Shatrugh', 'Shatrujit', 'Shatrunjay', 'Shattesh', 'Shauchi', 'Shau', 'Shaunak', 'Shau', 'Shaurav', 'Shauri', 'Shaury', 'Shaw', 'Shay', 'Shay', 'Shayel', 'Shayl', 'Sheeh', 'Sheffield', 'Sheil', 'Shekhar', 'Shel', 'Shereef', 'Sherif', 'Sherill', 'Sherlock', 'Sherm', 'Sherwi', 'Shesanand', 'Shesh', 'Sheshdhar', 'Shevantilal', 'Shiamak', 'Shibhy', 'Shibil', 'Shighr', 'Shihab', 'Shikhandi', 'Shikhar', 'Shilang', 'Shilish', 'Shiloh', 'Shimah', 'Shineyu', 'Shinj', 'Shipirist', 'Shipivisht', 'Shipley', 'Shirdi Prasad', 'Shirish', 'Shirom', 'Shiromani', 'Shishir', 'Shishirchandr', 'Shishirk', 'Shishirkumar', 'Shishul', 'Shishupal', 'Shitikanth', 'Shitiz', 'Shiv', 'Shivadev', 'Shivam', 'Shivanand', 'Shivanath', 'Shivank', 'Shivankh', 'Shivansh', 'Shiv', 'Shivasunu', 'Shive', 'Shivendr', 'Shivendu', 'Shivesh', 'Shivesh', 'Shiveshvar', 'Shivkumar', 'Shivlal', 'Shivraj', 'Shivram', 'Shivshankar', 'Shivshekhar', 'Shlesh', 'Shlok', 'Shobh', 'Shobhit', 'Sholk', 'Shoor', 'Shoor', 'Shoorse', 'Shory', 'Shoubhit', 'Shoury', 'Shraunak', 'Shrav', 'Shrav', 'Shravankumar', 'Shray', 'Shree', 'Shreedhar', 'Shreeharsh', 'Shreekant', 'Shreekrish', 'Shreekumar', 'Shreem', 'Shreepriy', 'Shreepush', 'Shreerang', 'Shreesh', 'Shreevallabh', 'Shrenik', 'Shresht', 'Shresth', 'Shresthi', 'Shrey', 'Shreyank', 'Shreyansh', 'Shrey', 'Shreyash', 'Shrid', 'Shridhar', 'Shrigopal', 'Shrih', 'Shrihari', 'Shrikant', 'Shrikant', 'Shrikar', 'Shrikeshav', 'Shrikrish', 'Shrikumar', 'Shrimat', 'Shrimate', 'Shrimoh', 'Shrinand', 'Shrinath', 'Shringesh', 'Shriniket', 'Shriniv', 'Shripad', 'Shripadm', 'Shripal', 'Shripati', 'Shriram', 'Shrirang', 'Shrirang', 'Shriranj', 'Shrish', 'Shrivarah', 'Shrivardh', 'Shriv', 'Shrivat', 'Shrivatsav', 'Shriyadit', 'Shriy', 'Shriy', 'Shrot', 'Shrutakeerti', 'Shrutik', 'Shubendr', 'Shubh', 'Shubhaksh', 'Shubham', 'Shubh', 'Shubhang', 'Shubhankar', 'Shubhashi', 'Shubhasunad', 'Shubhay', 'Shubhendu', 'Shubhojit', 'Shubhranshu', 'Shubhratho', 'Shuddhashil', 'Shuk', 'Shukl', 'Shukr', 'Shuktij', 'Shulabh', 'Shulamith', 'Shulandhar', 'Shuli', 'Shu', 'Shushil', 'Shvant', 'Shvetambar', 'Shvetang', 'Shvetank', 'Shvetanshu', 'Shvetavah', 'Shw', 'Shwetambar', 'Shwetbhanu', 'Shyam', 'Shyamak', 'Shyamal', 'Shyamantak', 'Shyamsunder', 'Siamak', 'Sidak', 'Siddak', 'Siddel', 'Siddh', 'Siddhadev', 'Siddhanath', 'Siddhant', 'Siddharth', 'Siddharth', 'Siddharth', 'Siddhesh', 'Siddheshwar', 'Siddhi', 'Siddhraj', 'Siddid', 'Sikandar', 'Sil', 'Sim', 'Simmo', 'Simo', 'Simrit', 'Sincere', 'Sindhu', 'Sindhunath', 'Sinh', 'Sinhag', 'Sinhvah', 'Sinjo', 'Siraaj', 'Siraj', 'Sitakant', 'Sitanshu', 'Sitaram', 'Sitikanth', 'Siv', 'Siv', 'Sivant', 'Sixte', 'Skand', 'Skithik', 'Slade', 'Smarajit', 'Smar', 'Smedley', 'Smeet', 'Smire', 'Smit', 'Smith', 'Smrit', 'Smritim', 'Sneage', 'Snehakant', 'Snehal', 'Snehansh', 'Snehil', 'Snehi', 'Snigdhavar', 'Snithik', 'Sofi', 'Sohail', 'Soham', 'Soh', 'Soh', 'Sohil', 'Sohum', 'Sokanath', 'Soleil', 'Solomo', 'Som', 'Somadev', 'Somali', 'Somansh', 'Somanshu', 'Somashekhar', 'Somasindhu', 'Somendr', 'Somesh', 'Someshwar', 'Somkar', 'Somnath', 'Somprakash', 'So', 'Sonit', 'Sonny', 'So', 'Sorre', 'Sou', 'Soumav', 'Soumendr', 'Soumil', 'Sourabh', 'Sourish', 'Sourj', 'Spark', 'Sparsh', 'Spear', 'Speedy', 'Spence', 'Spencer', 'Spike', 'Sreenand', 'Sreenath', 'Sreeval', 'Sreevedh', 'Sri Krishna Deva Rayalu', 'Sriashwi', 'Sridatt', 'Sridhar', 'Srihith', 'Srij', 'Srijesh', 'Srikant', 'Srikar', 'Srinesh', 'Srinish', 'Sriniv', 'Sriraj', 'Sriram', 'Srivant', 'Srivar', 'Srivatsav', 'Sruj', 'Ssukumar', 'St', 'St', 'Stanley', 'Stavy', 'Stavy', 'Steeve', 'Steeve', 'Stefano', 'Steff', 'Steffano', 'Steph', 'Stephe', 'Stephenso', 'Sterli', 'Sterne', 'Stetso', 'Steve', 'Steve', 'Stevie', 'Stewart', 'Sthavir', 'Sthir', 'Stoker', 'Stone', 'Stoney', 'Storm', 'Stotri', 'Stover', 'Stowe', 'Stu', 'Stuart', "Su'ud", 'Sual', 'Subaahu', 'Subal', 'Subali', 'Subandhu', 'Subash', 'Subbarao', 'Subeer', 'Subhadr', 'Subhag', 'Subh', 'Subhang', 'Subh', 'Subhash', 'Subhendu', 'Subhi', 'Subhradi', 'Subhy', 'Subinay', 'Subodh', 'Subrahmany', 'Subratah', 'Sucharit', 'Suchendr', 'Suchet', 'Suchi', 'Suchir', 'Suchit', 'Sudalai', 'Sudam', 'Sudarsh', 'Suday', 'Sudee', 'Sudeept', 'Sudesh', 'Sudesh', 'Sudev', 'Sudev', 'Sudhakar', 'Sudhamay', 'Sudh', 'Sudhang', 'Sudhanshu', 'Sudhanssu', 'Sudhanv', 'Sudhendr', 'Sudhi', 'Sudhindr', 'Sudhir', 'Sudhish', 'Sudhit', 'Sudhith', 'Sudi', 'Sudi', 'Sudir', 'Suffield', 'Sugandh', 'Sugat', 'Sugde', 'Sughosh', 'Sugreev', 'Sugriv', 'Suhail', 'Suh', 'Suhayb', 'Suhayl', 'Suhrid', 'Suhrit', 'Suhrud', 'Sujal', 'Suj', 'Sujash', 'Sujat', 'Sujay', 'Sujendr', 'Sujetu', 'Sujit', 'Suk', 'Sukant', 'ukant', 'Sukarm', 'Sukarm', 'Sukesh', 'Suketu', 'Sukhajat', 'Sukhakar', 'Sukhamay', 'Sukhashakt', 'Sukhdev', 'Sukhesh', 'Sukhwant', 'Sukrant', 'Sukrit', 'Sukumar', 'Sukumar', 'Sukumar', 'Sulabh', 'Sulaim', 'Sulalit', 'Sulaym', 'Suleim', 'Sulek', 'Sulekh', 'Sully', 'Suloch', 'Suloch', 'Suloch', 'Sumadhur', 'Sum', 'Sumangal', 'Sumant', 'Sumant', 'Sumantr', 'Sumantu', 'Sumanyu', 'Sumatinath', 'Sumay', 'Sumed', 'Sumedh', 'Sumeer', 'Sumeet', 'Sumeet', 'Sumeru', 'Sumesh', 'Sumir', 'Sumit', 'Sumitr', 'Sumitranand', 'Sumukh', 'Sunam', 'Sunand', 'Sunand', 'Sunar', 'Sunashi', 'Sunay', 'Sunchit', 'Sundar', 'Sundar', 'Sunder', 'Suneet', 'Sunhith', 'Sunil', 'Sunirmal', 'Sunjeev', 'Suoud', 'Supar', 'Supash', 'Suprabhaat', 'Suprakash', 'Supr', 'Supratik', 'Supratim', 'Supreet', 'Suprit', 'Sur', 'Suradhish', 'Suradi', 'Surag', 'Suraj', 'Surajit', 'Surajiv', 'Suram', 'Sur', 'Suranj', 'Surarih', 'Sur', 'Surbhu', 'Surd', 'Surdee', 'Sure', 'Surendr', 'Suresh', 'Sureshwar', 'Suri', 'Surjeet', 'Surnath', 'Surshri', 'Suru', 'Surush', 'Sury', 'Suryaansh', 'Suryabh', 'Suryadev', 'Suryakant', 'Suryakant', 'Suryanshu', 'Suryaprakash', 'Suryashankar', 'Suryaveer', 'Suryesh', 'Susadh', 'Suse', 'Sushant', 'Sushant', 'Sushe', 'Susher', 'Sushil', 'Sushim', 'Sushobh', 'Sushrut', 'Sushrut', 'Susil', 'Sutantu', 'Sut', 'Sutar', 'Sutej', 'Sutej', 'Sutirth', 'Sutosh', 'Sutoy', 'Sutto', 'Suv', 'Suvar', 'Suv', 'Suvel', 'Suvidh', 'Suvimal', 'Suvir', 'Suvrat', 'Suyamu', 'Suyash', 'Suyati', 'Svami', 'Svaminath', 'Svang', 'Svanik', 'Svar', 'Svaraj', 'Svarg', 'Svar', 'Svarpati', 'Svayambhu', 'Svayambhut', 'Swadhi', 'Swagat', 'Swai', 'Swajith', 'Swaley', 'Swami', 'Swaminath', 'Swannee', 'Sw', 'Swapnesh', 'Swapnil', 'Swaraj', 'Swarit', 'Swarnapurishwar', 'Swaru', 'Swastik', 'Swastik', 'Swatantar', 'Swayambhu', 'Sway', 'Sweshik', 'Swetaketu', 'Sweth', 'Swindel', 'Swinford', 'Swithbert', 'Syamantak', 'Syo', 'Syo', 'Syum', 'Syu', 'Taahir', 'Taamir', 'Taarank', 'Taariq', 'Taavo', 'Tabari', 'Tabner', 'Tabrez', 'Tad', 'Tadd', 'Tadleigh', 'Taft', 'Tah', 'Tahir', 'Tahom', 'Tahsee', 'Tajdar', 'Tak', 'Taksh', 'Takshak', 'Taksheel', 'Talaketu', 'Talal', 'Talank', 'Tale', 'Talh', 'Talib', 'Tali', 'Talish', 'Tallo', 'Talo', 'Tamal', 'Tamam', 'Tam', 'Tamil', 'Tamir', 'Tamish', 'Tamkinat', 'Tamogh', 'Tamonash', 'T', 'Tanak', 'Tanav', 'Tanay', 'Tandie', 'Taner', 'Tanish', 'Tanishq', 'Tanmay', 'Tanni', 'Tanny', 'Tanuj', 'Tanul', 'Tanush', 'Tanveer', 'Tanvir', 'T', 'T', 'Tapasendr', 'Tapasranj', 'Tapendr', 'Tapesh', 'Tapeshwar', 'Tapomay', 'Taporaj', 'Tarachand', 'Tarachandr', 'Taradhish', 'Tarak', 'Tarakesh', 'Tarakeshwar', 'Taraknath', 'Taraksh', 'Taral', 'Tar', 'Tarang', 'Tarang', 'Tarani', 'Taranjot', 'Taraprashad', 'Tareef', 'Tarek', 'Tarendr', 'Tareq', 'Taresh', 'Tarfah', 'Tarif', 'Tarik', 'Tariq', 'Tarit', 'Tarosh', 'Tar', 'Tarrik', 'Taru', 'Taru', 'Tarunt', 'Taru', 'Tarver', 'Tathagat', 'Tatharaj', 'Taty', 'Tautik', 'Tavarri', 'Tavi', 'Tavish', 'Tavo', 'Tawfeeq', 'Tawfiq', 'Taymullah', 'Tayseer', 'Taysir', 'Tayyib', 'Teale', 'Ted', 'Tedd', 'Teddy', 'Teerth', 'Teerthankar', 'Tegvir', 'Tej', 'Tejal', 'Tej', 'Tejesh', 'Tejeshwar', 'Tejomay', 'Teller', 'Telmo', 'Tennant', 'Tennyso', 'Teo', 'Terry', 'Tetley', 'Thaabit', 'Thabit', 'Thakarshi', 'Thakur', 'Tham', 'Thaqib', 'Thash', 'Thavanesh', 'Thaw', 'Thayal', 'Thel', 'Theo', 'Therro', 'Thom', 'Thom', 'Thom', 'Thomm', 'Thompso', 'Thorley', 'Thormond', 'Thorne', 'Thornley', 'Thulasithar', 'Tiago', 'Tige', 'Tighe', 'Tijil', 'Tilak', 'Timi', 'Timm', 'Timmothy', 'Timmy', 'Timothhy', 'Timothy', 'Timothyy', 'Tirranand', 'Tirth', 'Tirthankar', 'Tirthayaad', 'Tirumal', 'Tirupathi', 'Tisyaketu', 'Titir', 'Tobby', 'Tobi', 'Tod', 'Todd', 'Toft', 'Toller', 'Tom', 'Tomm', 'Tom', 'Toney', 'Toni', 'Tonny', 'Tony', 'Torey', 'Torr', 'Torrey', 'Torry', 'Tory', 'Tosh', 'Toy', 'Toyesh', 'Trader', 'Trae', 'Trai', 'Trailokv', 'Trambak', 'Travi', 'Travo', 'Tray', 'Trayto', 'Tre', 'Trevi', 'Trevio', 'Trevo', 'Trevvor', 'Trey', 'Treyto', 'Tri', 'Triambak', 'Tribhuv', 'Tridev', 'Tridham', 'Tridhatri', 'Tridib', 'Tridiv', 'Trigu', 'Trigy', 'Trijal', 'Trikay', 'Trikshay', 'Triloch', 'Trilok', 'Trilokanath', 'Trilokchand', 'Trilokesh', 'Trim', 'Trimurti', 'Trinabh', 'Trinath', 'Trinay', 'Trinay', 'Tri', 'Tripurajit', 'Tripurari', 'Trisanu', 'Trish', 'Trishanku', 'Trishar', 'Trishul', 'Trishulank', 'Trishuli', 'Trivikram', 'Trot', 'Tu', 'Tuf', 'Tuhi', 'Tuhinsurr', 'Tuk', 'Tukaram', 'Tulasid', 'Tulsid', 'Tulsid', 'Tulsikumar', 'Tunav', 'Tund', 'Tunganath', 'Tungar', 'Tungesh', 'Tungeshwar', 'Tungish', 'Turag', 'Turanyu', 'Turvasu', 'Tushaar', 'Tushar', 'Tusharkanti', 'Tusharsuvr', 'Tusy', 'Tuvidyum', 'Tuvijat', 'Twai', 'Ty', 'Tyaagaraaj', 'Tyagraj', 'Tycho', 'Tycho', 'Tye', 'Tyee', 'Tylar', 'Tylor', 'Tyqu', 'Tyrel', 'Tyro', 'Tyronne', 'Tyrrel', 'Tyrrell', 'Ubaadah', 'Ubadah', 'Ubaid', 'Ubaid', 'Ubaidah', 'Ubay', 'Ubayy', 'Uchadev', 'Uchit', 'Udant', 'Udar', 'Udarathi', 'Udarchi', 'Udarsh', 'Uday', 'Udayachal', 'Uday', 'Udbal', 'Udbhav', 'Uddhar', 'Uddhav', 'Uddi', 'Uddir', 'Uddish', 'Uddiy', 'Uddunath', 'Udee', 'Udeh', 'Udit', 'Udu', 'Udupati', 'Uduraj', 'Udyam', 'Udy', 'Uehudah', 'Ugresh', 'Ujagar', 'Uj', 'Ujendr', 'Ujesh', 'Ujjay', 'Ujjwal', 'Ujval', 'Ujwal', 'Ulh', 'Ull', 'Ulmer', 'Ulmuk', 'Ulric', 'Ulrich', 'Umaarah', 'Umair', 'Umakant', 'Umanand', 'Umang', 'Umaprasad', 'Umar', 'Umarah', 'Umashankar', 'Umayr', 'Umberto', 'Umed', 'Umesh', 'Umeshwar', 'Unmesh', 'Unnabh', 'Unnat', 'Unnatish', 'Upagupt', 'Upamanyu', 'Upendr', 'U', 'Uqbah', 'Urav', 'Uri', 'Uriah', 'Uriel', 'Urjani', 'Urmiy', 'Urugay', 'Urvang', 'Urvish', 'Usaamah', 'Usam', 'Usamah', 'Ushakant', 'Ushangu', 'Usher', 'Ushnisi', 'Usm', 'Utank', 'Utbah', 'Uthm', 'Utkarsh', 'Utkarsh', 'Utpal', 'Utpalaksh', 'Utsav', 'Uttal', 'Uttam', 'Uttamesh', 'Uttar', 'Uttarak', 'Uttiy', 'Uzair', 'Uzi', 'Vaachaspati', 'Vaageesh', 'Vaakpati', 'Vaalmeeki', 'Vaam', 'Vaamdev', 'Vaanee', 'Vaarshaney', 'Vaasavadatt', 'Vaasuki', 'Vaatsyaay', 'Vaayu', 'Vach', 'Vachaspati', 'Vadi', 'Vadish', 'Vagindr', 'Vagish', 'Vahi', 'Vaibhav', 'Vaidyanaath', 'Vaijayi', 'Vaijnath', 'Vaikart', 'Vaikh', 'Vaikunth', 'Vaikunth-nath', 'Vail', 'Vainavi', 'Vairaj', 'Vairaj', 'Vairat', 'Vairinchy', 'Vairoch', 'Vaisak', 'Vaishant', 'Vaishnav', 'Vaishwaanar', 'Vaiwaswat', 'Vajasani', 'Vajendr', 'Vajraang', 'Vajrabaahu', 'Vajradhar', 'Vajrahast', 'Vajrajit', 'Vajrakay', 'Vajraksh', 'Vajramani', 'Vajrapaani', 'Vajri', 'Vakrabhuj', 'Vakratund', 'Valaak', 'Valenti', 'Valentino', 'Vallabh', 'Valmiki', 'Vam', 'Vamadev', 'Vamsi', 'Vamsidhar', 'Vamsikrish', 'Van-raaj', 'Vanabihari', 'Vanad', 'Vanadev', 'Vanajit', 'Vanamali', 'Vance', 'Vand', 'Vanhi', 'Vanij', 'Vaninadh', 'Vaninath', 'Vanmaalee', 'Vansh', 'Vansheedhar', 'Vanshy', 'Vansidhar', 'Var', 'Varaah', 'Varaahamihir', 'Varad', 'Varadaraaj', 'Varadraj', 'Var', 'Vardham', 'Vardh', 'Vare', 'Varendr', 'Varesh', 'Vareshvar', 'Varid', 'Varidhvar', 'Varij', 'Vari', 'Varindr', 'Varish', 'Variy', 'Variy', 'Varshit', 'Vartanu', 'Varu', 'Varunesh', 'Vasant', 'Vasantamaalik', 'Vasav', 'Vasav', 'Vasavaj', 'Vasavi', 'Vaschel', 'Vashisht', 'Vasisht', 'Vasisth', 'Vasu', 'Vasudev', 'Vasuki', 'Vasum', 'Vasumat', 'Vasumitr', 'Vasupati', 'Vasur', 'Vasuroo', 'Vasuse', 'Vatatmaj', 'Vatradhar', 'Vat', 'Vatsal', 'Vatsapal', 'Vatsar', 'Vatsi', 'Vaydeesh', 'Vayu', 'Vayujat', 'Vayu', 'Vayunand', 'Vayy', 'Ve', 'Ved', 'Ved-vy', 'Vedamoh', 'Vedang', 'Vedang', 'Vedant', 'Vedanth', 'Vedaprakash', 'Vedatm', 'Vedatmane', 'Vedavrat', 'Vedbhush', 'Vedesh', 'Vedmoh', 'Vedprakash', 'Vedswaru', 'Veekshith', 'Veer', 'Veerbhadr', 'Veerendr', 'Veerottam', 'Vel', 'Venavir', 'Veni', 'Venimadhav', 'Venkat', 'Venkataramananand', 'Venkatesh', 'Venkateswar', 'Venu', 'Venugopal', 'Venumadhav', 'Vered', 'Veydant', 'Viamrsh', 'Vibhaakar', 'Vibhaavasu', 'Vibh', 'Vibhat', 'Vibhavasu', 'Vibhish', 'Vibhor', 'Vibhu', 'Vibhumat', 'Vibhusnu', 'Vibhut', 'Vibodh', 'Vic', 'Vicente', 'Victor', 'Vidarbh', 'Videh', 'Vidhatru', 'Vidhesh', 'Vidhu', 'Vidhyadhar', 'Vidi', 'Vidit', 'Vidoj', 'Vidur', 'Vidv', 'Vidvatam', 'Vidyaarany', 'Vidyachar', 'Vidyadhar', 'Vidyarany', 'Vidyasagar', 'Vidyut', 'Vighnajit', 'Vighnaraaj', 'Vighnesh', 'Vighneshwar', 'Vigrah', 'Vih', 'Vihang', 'Vihang', 'Vihari', 'Vijay', 'Vijayant', 'Vijayarath', 'Vijayendr', 'Vijayesh', 'Vijayketu', 'Vijendr', 'Vijet', 'Vijigeesh', 'Vijul', 'Vijval', 'Vikar', 'Vik', 'Vikash', 'Vikat', 'Viker', 'Vikesh', 'Vikram', 'Vikramadity', 'Vikramajit', 'Vikramendr', 'Vikrami', 'Vikrant', 'Viksar', 'Viktor', 'Vikunth', 'Vikyaath', 'Vil', 'Vil', 'Vilasi', 'Vilkesh', 'Viloch', 'Vilohit', 'Vilok', 'Vilok', 'Vimal', 'Vimal', 'Vimaladity', 'Vimalmani', 'Vimridh', 'Vinaayak', 'Vinahast', 'Vinamr', 'Vinay', 'Vinayak', 'Vince', 'Vincent', 'Vincente', 'Vincenzo', 'Vineet', 'Vinesh', 'Vinil', 'Vinny', 'Vinoch', 'Vinod', 'Vinoo', 'Vinso', 'Vi', 'Vipaschit', 'Vipi', 'Vipinbehari', 'Viplab', 'Viplav', 'Vipr', 'Vipreet', 'Vipul', 'Vir', 'Viraaj', 'Viraat', 'Virabhadr', 'Viraj', 'Viral', 'Viranath', 'Viranchi', 'Vir', 'Virat', 'Virat', 'Virbhanu', 'Virendr', 'Viresh', 'Vireshvar', 'Virikv', 'Virinchi', 'Viroch', 'Virudh', 'Virurch', 'Visaish', 'Visamaksh', 'Vishaal', 'Vishaalaaksh', 'Vishak', 'Vishakh', 'Vishal', 'Vishalaksh', 'Vishaly', 'Vishantak', 'Vishat', 'Vishesh', 'Vishikh', 'Vishmati', 'Vishnahpu', 'Vishnu', 'Vishnu', 'Vishnudev', 'Vishnudutt', 'Vishodh', 'Vishram', 'Vishresh', 'Vishrut', 'Vishruth', 'Visht', 'Vishv', 'Vishv', 'Vishvadev', 'Vishvadhar', 'Vishvag', 'Vishvahetu', 'Vishvajit', 'Vishvakarm', 'Vishvaketu', 'Vishvam', 'Vishvamitr', 'Vishvanaath', 'Vishvanabh', 'Vishvanath', 'Vishvaret', 'Vishv', 'Vishvatm', 'Vishvesh', 'Vishwaamitr', 'Vishw', 'Vishwajeet', 'Vishwakarm', 'Vishwambhar', 'Vishwamitr', 'Vishwanath', 'Vishwankar', 'Vishwaroo', 'Vishw', 'Vishwatm', 'Vishweshwar', 'Viskheet', 'Vismay', 'Visu', 'Visvajit', 'Visvayu', 'Viswanath', 'Visw', 'Vitabhay', 'Vitahary', 'Vitashokh', 'Vitast', 'Vithal', 'Vito', 'Vitol', 'Vittanath', 'Vittesh', 'Vitthal', 'Viv', 'Vivash', 'Vivaswat', 'Vivatm', 'Vivek', 'Vivekanand', 'Vizivit', 'Vrajakishore', 'Vrajalal', 'Vrajamoh', 'Vrajanad', 'Vrajesh', 'Vrajkishore', 'Vrajmoh', 'Vrajraj', 'Vratesh', 'Vri', 'Vrisag', 'Vri', 'Vrisang', 'Vrisapati', 'Vrishab', 'Vrishabh', 'Vrishabhaanu', 'Vrishank', 'Vrishi', 'Vrisini', 'Vritansh', 'Vy', 'Vy', 'Vy', 'Vyom', 'Vyomaang', 'Vyomakesh', 'Vyom', 'Vyomdev', 'Vyomesh', 'Vyshnav', "Wa'il", "Waa'il", 'Waahid', 'Wadee', 'Wadee', 'Wadi', 'Wael', 'Wafeeq', 'Wafi', 'Wafiq', 'Wahab', 'Wahid', 'Wai', 'Waite', 'Wajeeh', 'Wajih', 'Wake', 'Wakeel', 'Wakely', 'Wakil', 'Walby', 'Walde', 'Waldro', 'Waleed', 'Wale', 'Walid', 'Waliyudee', 'Waliyullah', 'Walleed', 'Walliyullah', 'Wally', 'Walsh', 'Walt', 'Walto', 'Walwy', 'Wam', 'Wamik', 'Warde', 'Wardley', 'Ware', 'Warick', 'Warley', 'Warto', 'W', 'Waseem', 'Wasim', 'Watki', 'Watso', 'Wayde', 'Waylo', 'Wayne', 'Waynne', 'Wazir', 'Webb', 'Webley', 'Welsh', 'Wendel', 'Wensley', 'Werner', 'Wesley', 'Wesly', 'Wessley', 'Westi', 'Westley', 'Weyli', 'Whit', 'Whitey', 'Wickham', 'Wilbur', 'Wiley', 'Wilfredo', 'Wilkie', 'Wilki', 'Wilkinso', 'Willbert', 'Willem', 'Willfred', 'Willfredo', 'William', 'Will', 'Willso', 'Wilso', 'Wilto', 'Winchell', 'Windell', 'Windsor', 'Winfred', 'Wi', 'Winsto', 'Wrisley', 'Wristo', 'Wybert', 'Wycond', 'Wylie', 'Wymer', 'Wy', 'Wynto', 'Xaviar', 'Xavier', 'Xavior', 'Xerxe', 'Xylo', 'Xzavier', "Ya'qub", 'Yaagnik', 'Yaakov', 'Yaasee', 'Yaasir', 'Yadav', 'Yadavendr', 'Yadhokshaj', 'Yadid', 'Yado', 'Yadu', 'Yadunand', 'Yadunath', 'Yaduraj', 'Yaduvir', 'Yagil', 'Yag', 'Yagnesh', 'Yagy', 'Yagyase', 'Yagyesh', 'Yahy', 'Yahyah', 'Yaj', 'Yajat', 'Yajnadhar', 'Yajnaru', 'Yajnesh', 'Yakir', 'Yakov', 'Yaksh', 'Yale', 'Yamahil', 'Yamajit', 'Yamajith', 'Yamal', 'Yam', 'Yamir', 'Y', 'Yaphet', 'Yaqoob', 'Yaqub', 'Yardley', 'Yari', 'Yaro', 'Yasaar', 'Yasar', 'Yasee', 'Yaseer', 'Yaser', 'Yash', 'Yash', 'Yash', 'Yashmit', 'Yashodev', 'Yashodh', 'Yashodhar', 'Yashovardh', 'Yashovarm', 'Yashpal', 'Yashraj', 'Yashvasi', 'Yashwant', 'Yasii', 'Yasi', 'Yasine', 'Yasir', 'Yasser', 'Yassine', 'Yassir', 'Yasti', 'Yate', 'Yatharth', 'Yathav', 'Yati', 'Yatindr', 'Yatish', 'Yatiy', 'Yatnesh', 'Yayati', 'Yayi', 'Yazeed', 'Yazid', 'Yehud', 'Yehudah', 'Yitro', 'Yoel', 'Yogadev', 'Yoganand', 'Yoganidr', 'Yogendr', 'Yogesh', 'Yogi', 'Yoginampati', 'Yogine', 'Yogini', 'Yogiraj', 'Yojit', 'Yonah', 'Yoonu', 'Yoosuf', 'Yorick', 'York', 'Yosef', 'Yossef', 'Yousef', 'Youssef', 'Yudhajit', 'Yudhishthir', 'Yudhisthir', 'Yug', 'Yug', 'Yugandhar', 'Yugantar', 'Yugendrao', 'Yugm', 'Yule', 'Yunu', 'Yusef', 'Yushu', 'Yussuf', 'Yusu', 'Yusuf', 'Yuval', 'Yuvaraj', 'Yuvraj', 'Yuyutsu', 'Zaafir', 'Zaahid', 'Zaahir', 'Zaaire', 'Zabi', 'Zabie', 'Zabulo', 'Zac', 'Zacari', 'Zacary', 'Zaccary', 'Zacchary', 'Zaccheo', 'Zach', 'Zachariah', 'Zachari', 'Zacharry', 'Zachary', 'Zack', 'Zafar', 'Zafir', 'Zaheer', 'Zahi', 'Zahid', 'Zahier', 'Zahi', 'Zahir', 'Zahire', 'Zaid', 'Zaide', 'Zaigham', 'Zaim', 'Zai', 'Zak', 'Zakai', 'Zakariy', 'Zakariyy', 'Zakary', 'Zaki', 'Zakir', 'Zakiy', 'Zakk', 'Zakkary', 'Zalm', 'Zamrakt', 'Zane', 'Zantarav', 'Zar', 'Zared', 'Zarmi', 'Zashil', 'Zavad', 'Zayd', 'Zayne', 'Zayy', 'Zazu', 'Zeb', 'Zebadiah', 'Zebediah', 'Zebidiah', 'Zebulo', 'Zebulu', 'Zechari', 'Zechariah', 'Zed', 'Zeesh', 'Zeh', 'Zeke', 'Zeph', 'Zev', 'Ziad', 'Ziff', 'Ziio', 'Zikomo', 'Zio', 'Zio', 'Zisyarupi', 'Ziv', 'Ziyaad', 'Ziyad', 'Zobh', 'Zohaib', 'Zol', 'Zravasy', 'Zrimat', 'Zubair', 'Zubayr', 'Zubhasamanvit', 'Zubhatmak', 'Zubi', 'Zuhair', 'Zuhayr']